idx,구분,회사명,ICP세부,신뢰도,플래그,검증,홀,부스번호,이메일,웹사이트,원본카테고리,판단근거
300,Tier A,TREEANNSEA 트리앤씨,스킨케어,high,,,134,134,global@treeannsea.co.kr,http://www.treeannsea.us,"Skin Care, Make up and Color Cosmetics, Natural & Organic Cosmetics, Facial Masks, Men’s Care, Cleansing Products, Others","극한환경 원료 클린뷰티 자체 브랜드, 대표제품 사막소금 팩클렌저 등 소비자 대상 비건 스킨케어 판매."
11,Tier A,(주)더제이알,스킨케어,high,,,A,A-A04,thejrinc17@gmail.com,https://www.polocosmetic.com,,"남성 스킨케어 전문 자체 브랜드로 홈쇼핑 단일제품 200억 매출, 소비자 완제품 라인업 보유."
25,Tier A,(주)본플렉스,헤어,high,,,A,A-A08,ellaplex@ellaplex.com,https://www.wechat.com/bonplex01,"Hair Care Products, Scalp Care Products, Hair Styling Products, Equipment and Products for Professional Hair Salon","프리미엄 헤어케어 자체 브랜드 BONPLEX·ELLAPLEX 보유, 손상모 케어 완제품 소비자 대상."
320,Tier A,㈜프롬비건,스킨케어,high,indie,,A,A-A15,cdysr@fromvegan.co.kr,https://www.chorokchorong.com,"Skin Care, Facial Masks, Contract Manufacturing(OEM/ODM)","비건 스킨케어 자체 브랜드 CHOROK CHORONG 보유, 올리브영 기준 클린뷰티 소비자 브랜드."
426,Tier A,벨플라워,스킨케어,high,export,,A,A-A20,bellflower.cs@gmail.com,https://bellflowercos.com/,Skin Care,2018년 브랜드 런칭 후 세럼·크림·선스크린 등 자체 스킨케어 라인을 13개국에 출시한 소비자 브랜드.
481,Tier A,주식회사 보타닉센스,스킨케어,high,,,A,A-A21,info@botanicsens.com,https://www.botanicsens.com/,"Skin Care, Body Care, Derma Cosmetics, Natural & Organic Cosmetics",BOTANICSENS/KYPHI 두 자사 브랜드로 27종 제품을 보유한 소비자 더마 스킨케어 브랜드.
378,Tier A,누셀리크,더마,high,,,A,A-B03,soisintl.biz@gmail.com,https://nuselique.co.kr/,"Skin Care, Cosmeceutical Products, Derma Cosmetics, Facial Masks, Cleansing Products, Others","NAD+ 기반 더마 코스메틱 자체 브랜드(NADIENCE+), 데일리 홈케어 소비자 라인 명확."
469,Tier A,CLAIRLISSE,더마,medium,indie,,A,A-B07,,,"Skin Care, Derma Cosmetics","민감피부용 자체 스킨케어 브랜드 클레어리스, 소비자 일상 케어 지향(website 미상)."
101,Tier A,DEWVERO,스킨케어,high,,,A,A-B08,nscompany123@naver.com,http://www.dewvero.com,Skin Care,"에스테틱 노하우 기반 홈케어 자체 브랜드 '듀베로', 소비자 대상 기초 스킨케어 제품 판매."
461,Tier A,LANNUE,스킨케어,high,export,,A,A-B11,lannue.cos@gmail.com,https://lannue.co.kr/,"Skin Care, Facial Masks, Cleansing Products","임상 스킨케어 자체 브랜드, 10개 제품 13개국 수출하는 명확한 소비자 브랜드."
52,Tier A,celebon,스킨케어/더마,high,,,A,A-B12,dhoh@hlmc.co.kr,https://www.celebon.co.kr,"Skin Care, Derma Cosmetics",세포투과펩타이드 특허 침투기술 자사몰(celebon.co.kr) 운영하는 소비자 스킨케어 브랜드.
211,Tier A,matthew chang perfumes,향수,high,,,A,A-B13,contact@matthewchangperfumes.com,https://matthewchangperfumes.com/,"Body Care, Perfumery, Others",메튜장 자체 향수 브랜드로 소비자 대상 향수 제작·판매.
462,Tier A,주식회사 랑벨,더마,high,,,A,A-B16,shoo.noh@lanbelle.com,https://lanbelle.com/,"Skin Care, Cosmeceutical Products, Derma Cosmetics, Natural & Organic Cosmetics, Brands/Manufacturer(Skin Care)",박애란 대표 설립 더마 스킨케어 전문 자체 브랜드 '랑벨'을 직접 운영.
478,Tier A,주식회사 바이잇,스킨케어,high,export,,A,A-B26,export@luvum.co.kr,https://luvum.co.kr/,"Skin Care, Cosmeceutical Products, Natural & Organic Cosmetics, Facial Masks, Cleansing Products, Others, Distribution",자체 K-뷰티 스킨케어 브랜드 Luvum을 35개국 리테일·이커머스로 판매하는 소비자 브랜드.
244,Tier A,안탈라,더마,high,export,,A,A-B28,official@antala.one,https://antala.kr/,"Skin Care, Derma Cosmetics","ANTALA·Monjeune 두 더마/슬로에이징 소비자 브랜드 운영, 미국·일본·몽골 수출 중인 자사 브랜드 보유."
452,Tier A,스튜디오17,메이크업,high,,,A,A-B36,lrkim@thebkor.com,https://www.studio17.co.kr,"Skin Care, Make up and Color Cosmetics, Accessories & Toiletries",자체 개발 브랜드 스튜디오17로 브러시 툴 및 기초화장품 라인 전개하는 소비자 브랜드.
10,Tier A,(주)더엘그룹,스킨케어,high,,,A,A-B41,marketing.theel@gmail.com,https://theelstore.com/,"Skin Care, Derma Cosmetics, Inner Beauty",자체 스킨케어 MARYABEL·홈디바이스 Skinfit Pro·이너뷰티 등 소비자 브랜드 다수 운영(theelstore 몰).
39,Tier A,(주)씨케이리제온,헤어,high,,,A,A-B48,dermaregeon@ckregeon.com,https://dermaregeon.com/en/,"Derma Cosmetics, Hair Care Products, Scalp Care Products","자체 헤어케어 브랜드 HAIRREGEON·HERIBON 운영, 탈모·두피 케어 완제품 소비자 대상."
251,Tier A,CETERA,더마,high,,,A,A-C08,ceterakorea@naver.com,https://www.wechat.com/cetera1,"Skin Care, Make up and Color Cosmetics, Cosmeceutical Products, Derma Cosmetics, Facial Masks, Cleansing Products",엑소좀·PDRN·병풀 기반 메디컬 코스메슈티컬 자사 브랜드로 토너·앰플·크림·쿠션 등 소비자 홈케어 제품군 보유.
31,Tier A,(주)섬섬바이오,스킨케어,high,export,,A,A-C14,sumsum2022@naver.com,https://searce.shop/,Skin Care,"자체 라이프 뷰티 브랜드 SEARCE 운영, 머쉬룸 EM 샴푸 등 대표 완제품 소비자 판매."
48,Tier A,(주)알에이치앤비브랜즈,스킨케어,high,,,A,A-C21,info@rhnb.co.kr,https://www.ratedgreenglobal.com/prettyactually,"Skin Care, Cleansing Products","레이티드 그린·프리티 액츄얼리 두 클린 K-뷰티 소비자 브랜드 운영, 비건인증 스킨케어 판매."
366,Tier A,브에노메디텍,더마,high,export,,A,A-C23,ds2oph@naver.com,https://www.bueno9.com/,"Skin Care, Body Care, Derma Cosmetics, Cleansing Products","엑소좀·펩타이드·PDRN 등 기능성 스킨/바디/더마 자체 브랜드(Bueno) 운영, 글로벌 소비자 대상 판매."
277,Tier A,쥬네뷰,스킨케어,high,,,A,A-C27,dewdap@naver.com,https://www.dewdap.com/,"Skin Care, Brands/Manufacturer(Skin Care)","DEWDAP은 자체 성분 Cicatea 함유, 사내 연구·자사 공장 제조하는 비건 K-뷰티 스킨케어 소비자 브랜드."
19,Tier A,컬러딥,메이크업,high,,,A,A-C31,min@miskos.co.kr,https://miskos.co.kr/,"Skin Care, Make up and Color Cosmetics, Body Care, Facial Masks","Color Deep·Moodmatcher 등 자체 색조 브랜드 기획·런칭, 국내외 소비자 채널 판매(연매출 1천억)."
24,Tier A,주식회사 반다비앤에이치,스킨케어,high,export,,A,A-C32,vandabnh@vanda.co.kr,https://kiwiglow.co.kr/,"Skin Care, Natural & Organic Cosmetics, Facial Masks, Cleansing Products, Others, Hair Care Products","비건 클린 스킨케어 자체 브랜드 KIWIGLOW(2022 런칭) 운영, 온·오프라인 소비자 판매."
239,Tier A,주식회사 정림에프앤에이치,바디,high,indie,,A,A-C41,4674sjh@naver.com,https://www.vanava.co.kr/,"Skin Care, Body Care, Derma Cosmetics",2025년 런칭한 바디케어 자체 브랜드 Vanava(Duo Cream)로 소비자 대상 신생 브랜드.
229,Tier A,주식회사 웰컴이엔앰,메이크업,high,export,,A,A-C43,dandymicn@welcomems.co.kr,https://welcomesgroup.com,"Skin Care, Make up and Color Cosmetics, Facial Masks, Cleansing Products",셀럽·인플루언서·자체 브랜드 포트폴리오를 직접 운영하는 글로벌 브랜드 컴퍼니로 소비자 대상.
464,Tier A,닥터바이오 & 티블레스,스킨케어,high,export,,A,A-C46,global_sales@rokcorp.co.kr,https://litt.ly/corporationrok_global_sales?ref=qr.litt.ly,"Skin Care, Body Care, Derma Cosmetics, Natural & Organic Cosmetics, Perfumery, Cleansing Products, Hair Care Products",로크가 자체 브랜드 닥터바이오·티블레스를 론칭한 비건 스킨케어 소비자 브랜드.
336,Tier A,Y.N.M,메이크업,high,export,,A,A-C48,ynm@ynmcosmetic.co.kr,https://ynmcosmetic.co.kr/,"Skin Care, Make up and Color Cosmetics","올리브영 립케어 1위 자체 브랜드 Y.N.M, 20개국 1만 매장 소비자 판매."
496,Tier A,헤트라스,향수,high,export,,A,A-D01,globalsales@hetras.co.kr,https://youtu.be/qRuMsXV8pSw,"Skin Care, Body Care, Natural & Organic Cosmetics, Perfumery",한국 1위 디퓨저·프래그런스 자사 브랜드 hetras를 30개국에 소비자 판매하는 향 브랜드.
376,Tier A,세이션,스킨케어,high,export,,A,A-D16,overseas@xation.co.kr,https://xation.co.kr/,"Skin Care, Body Care, Facial Masks, Hair Care Products","STANDARD SEOUL 등 더마 스킨케어 자체 K-뷰티 브랜드 개발·수출, 소비자 대상 기능성 제품 명확."
27,Tier A,(주)비앤케이,스킨케어,high,export,,A,A-D42,contact@koreahnb.com,https://tambeauty.me/,,"자체 소비자 브랜드 3개(BARULAB, tam BEAUTY, PYDERIN) 운영, 메가 인플루언서 협업 이력."
276,Tier A,줄라이 모닝,바디/헤어,high,,,A,A-D46,clubparty1003@gmail.com,https://july-morning.co.kr/,"Skin Care, Body Care, Brands/Manufacturer(Skin Care), Brands/Manufacturer(Hair Care), Brands/Manufacturer(Bath & Body Care), Hair Care Products, Scalp Care Products",줄라이모닝(바디·헤어)·고백타임(스킨케어 앰플 8종) 자사 소비자 브랜드 전개하는 K-뷰티 브랜드.
316,Tier A,센티카,향수,high,,,A,A-D47,scentica@raint.kr,https://scentica.co.kr/,"Body Care, Perfumery, Hair Care Products",자체 조향 연구소 기반 독자 향료로 분기별 향수·바디·헤어 소비자 제품을 기획·출시하는 향 브랜드.
400,Tier A,EBIN KOREA,스킨케어/바디,high,export,,A,A-E11,ebinkorea@ebinnewyork.com,https://linktr.ee/ebinkorea,"Skin Care, Body Care, Laser/IPL/RF/Multi, Home Aesthetic Device",Cosyuree·Gorilla Waxing·INJECTIER 등 자사 소비자 K-뷰티 브랜드를 보유한 완제품 기업.
79,Tier A,(주)탠코리아,바디,high,,,A,A-E23,jamiebronzekr@gmail.com,http://jamiebronze.com,Others,"태닝 자체 소비자 브랜드 JAMIE BRONZE 운영, 국내외 시장 판매 중인 대표 태닝 브랜드."
361,Tier A,디어메이,메이크업,high,,,A,A-E27,oversea@beleco.co.kr,https://en.dearmay.co.kr/,"Make up and Color Cosmetics, Natural & Organic Cosmetics",DEARMAY는 소녀 타겟 트렌디 감성 메이크업 자체 소비자 브랜드로 명확함.
23,Tier A,(주)바이옵트,더마,high,device|export,,A,A-E28,info@venderma.com,https://venderma.com/,"Skin Care, Contract Manufacturing(OEM/ODM), Home Aesthetic Device","자체 더마 스킨케어 브랜드 VENDERMA 보유, 홈케어 뷰티 디바이스 결합한 소비자 브랜드 운영."
298,Tier A,TROIAREUKE,더마,high,,,A,A-E31,stella@sislab.com,https://www.troiareuke.com/,"Skin Care, Body Care, Cosmeceutical Products, Derma Cosmetics, Facial Masks, Cleansing Products","맞춤형 스킨케어 소비자 브랜드 TROIAREUKE 운영, 진단·홈케어 D2C 성격."
417,Tier A,오미티드,스킨케어,high,export,,A,A-E32,admin@omitted.kr,https://omitted.kr,"Skin Care, Facial Masks, Cleansing Products",비타-C·PDRN 앰플 등 20여개국 수출하는 자사 임상 스킨케어 브랜드 오미티드.
216,Tier A,DAILY WEEKLY,스킨케어,high,,,A,A-E36,trading@dailyweekly.co.kr,https://www.dailyweekly.co.kr/,"Skin Care, Facial Masks, Brands/Manufacturer(Skin Care)",DAILY WEEKLY 자체 스킨케어 브랜드로 신라·경복궁 면세점 및 파마스퀘어 입점 소비자 판매.
46,Tier A,(주)아트페이스,메이크업/스킨케어,high,export,,A,A-E46,artface@artfacekorea.com,https://tenzero.co.kr/,"Skin Care, Make up and Color Cosmetics, Body Care, Derma Cosmetics, Facial Masks, Cleansing Products, Hair Care Products, Scalp Care Products","색조 브랜드 물다·스킨케어 텐제로 자체 런칭, 명동 텐제로 플래그십 운영하는 소비자 브랜드 보유."
319,Tier A,KOCOSTAR,스킨케어,high,,,A,A-F01,export@kocostar.com,https://firstmarket.co.kr/,"Skin Care, Facial Masks, Contract Manufacturing(OEM/ODM)",K-뷰티 마스크 중심 자체 소비자 브랜드로 셀프케어 마스크·스킨케어 제품군을 직접 전개.
284,Tier A,채널스완,스킨케어,high,,,A,A-F21,kbeauty@oavo.kr,https://www.oavo.global,"Skin Care, Make up and Color Cosmetics, Skin/Body Diagnosis Equipment","독립 K-Heritage 브랜드 OAVO 운영, 홍대 오프라인 매장·신규 SKU 등 소비자 브랜드 명확."
411,Tier A,CELLEA/BELLADIA,스킨케어,high,export,,A,A-F22,fcsecond@fcsecond.kr,https://cellea.co.kr/,"Skin Care, Body Care, Facial Masks, Men’s Care, Contract Manufacturing(OEM/ODM)",NK세포배양액 셀레아·안티에이징 벨라디아 등 자사 프리미엄 스킨케어 브랜드 보유.
324,Tier A,포뉴레브,향수,high,,,A,A-F43,info@fonewlev.com,https://fonewlev.com/,"Body Care, Perfumery",디퓨저·퍼퓸 핸드크림·바디 등 소비자 프래그런스 자체 브랜드 운영.
442,Tier A,제이크리컴퍼니,더마,medium,indie,,A,A-G11,jcre@jcrecompany.com,https://linktr.ee/lefilleo?utm_source=linktree_profile_share&ltsid=4f7a3ca8-e2f2-41e8-8220-b04973100003,"Skin Care, Body Care, Cosmeceutical Products, Derma Cosmetics, Cleansing Products, Contract Manufacturing(OEM/ODM)","lefilleo 자체 더마 스킨케어 브랜드 운영, 검증성분·전문가 협업 강조한 소비자 브랜드."
423,Tier A,웰본,헤어,high,,,A,A-G23,export@welcomesgroup.com,https://cheongdamstyle.co.kr/,,청담스타일 브랜드를 런칭·운영하며 헤어 고데기·염색샴푸 등 자사 소비자 완제품을 홈쇼핑·온오프라인 판매.
383,Tier A,"SHINAN COSMETICS Co., Ltd.",스킨케어,medium,,,A,A-G31,,https://www.shionle.com/,"Skin Care, Facial Masks, Cleansing Products",shionle 브랜드로 토너·세럼·크림·마스크 등 다양한 스킨케어 소비자 완제품 라인을 보유.
236,Tier A,주식회사 일레븐코퍼레이션,헤어,high,,,A,A-H03,b2b@11corp.co.kr,https://www.11corp.co.kr/,Others,해양요법 기반 헤어·바디 자체 브랜드 GROWUS를 소비자 대상으로 전개.
449,Tier A,주식회사 더마라인,더마,high,oem_with_brand,Y,A,A-H11,leejy@dermaline.co.kr,https://en.dermaline.co.kr,"Skin Care, Cosmeceutical Products, Derma Cosmetics, Cleansing Products, Contract Manufacturing(OEM/ODM), Brands/Manufacturer(Skin Care), Thread Lifts and Fillers","DERMALINE·D'LEXO·r;eden 3개 자체 브랜드 운영, PDRN 라인이 올리브영·코스트코·왓슨스 입점한 소비자 브랜드."
424,Tier A,로그인 포레스트 (유나뷰티랩),향수,high,,,A,A-H16,info@loginforest.com,http://www.loginforest.com,,"Login Forest 자체 센티드 바디케어·퍼퓸 소비자 브랜드를 보유, 시즌별 신제품 출시하는 D2C 향 브랜드."
337,Tier A,디유코스메틱,메이크업,high,export,,A,A-I01,uj854@naver.com,http://www.ducos.co.kr,"Skin Care, Make up and Color Cosmetics, Contract Manufacturing(OEM/ODM), Brands/Manufacturer(Make up)","스파우트 색조화장품 자체 브랜드 JOA(립틴트 등) 다이소·드럭스토어 소비자 유통, OEM도 병행."
278,Tier A,지구의 온도 G9ONDO,바디/향수,high,,,A,A-I08,tomato2526@nate.com,https://g9ondo.com/,"Body Care, Perfumery, Inner Beauty, Brands/Manufacturer(Bath & Body Care)",비건 프리미엄 바디(배스밤)·향기 자사 소비자 브랜드로 면세점·백화점·호텔 납품 등 리테일 전개.
84,Tier A,(주)한국쉬즈라인,스킨케어/바디,medium,export,,A,A-I21,info@koreashesline.co.kr,https://toolif.co.kr,Cosmeceutical Products,"1989년 설립 뷰티 전문기업, toolif 자체 브랜드로 다양한 화장품 개발·국내외 유통."
396,Tier A,아이프로덕트,향수,high,export|oem_with_brand,Y,A,A-J06,global@iproduct.co.kr,https://drpercent.co.kr/,"Skin Care, Natural & Organic Cosmetics, Contract Manufacturing(OEM/ODM)",OEM이나 desc에 남성향수·그루밍·클린뷰티·바디케어 자체 브랜드를 운영하고 direct sales(D2C)·해외수출한다고 명시.
74,Tier A,(주)코비스타,헤어,high,,,A,A-J16,kbeauty@kobizstar.com,https://www.solepkorea.com/,"Hair Care Products, Scalp Care Products","두피케어 자체 브랜드 Solep을 B2C 리테일로 운영(Hi-gro 등 일상케어), 소비자 판매 명확."
350,Tier A,LINDSAY&COS Inc.,스킨케어,high,oem_with_brand,Y,A,A-J21,sales@lindsay.co.kr,https://lindsaycos.com,"Skin Care, Facial Masks, Contract Manufacturing(OEM/ODM)","에스테틱·홈에스테틱 자체 브랜드 린제이로 마스크팩·스킨케어를 직접 생산·판매(자체몰 lindsaycos.com), OEM 병행."
492,Tier A,주식회사 스타힐스코스메틱,헤어,high,,,A,A-J22,hmcos@naver.com,https://moo100.com/,"Hair Care Products, Scalp Care Products, Hair Styling Products","자사 헤어케어 브랜드 무백(MOO100)을 2,000개 살롱·디지털콘텐츠로 운영하는 소비자 브랜드."
248,Tier A,MAKE SOUL,메이크업,high,,,A,A-J31,jslee@make-soul.co.kr,https://make-soul.co.kr/,Make up and Color Cosmetics,서울 기반 K-뷰티 메이크업 자사 브랜드로 남산480 글로우틴트 등 시그니처 컬러 제품을 소비자에게 직접 판매.
444,Tier A,휴션,더마,high,,,A,A-K11,,https://www.huceane.com,"Skin Care, Derma Cosmetics, Men’s Care, Cleansing Products, Brands/Manufacturer(Skin Care)","REDhealon 프리미엄 여드름 케어 자체 스킨케어 브랜드 운영, 3단계 루틴 소비자 제품."
491,Tier A,SKINISGOOD,더마,high,,,A,A-K26,yklee@skinisgood.com,https://www.lissederm.co.kr,"Skin Care, Make up and Color Cosmetics, Body Care, Derma Cosmetics, Facial Masks, Men’s Care, Cleansing Products",자사 더마 뷰티 브랜드 리쎄덤(Lissederm)을 소비자 대상으로 전개하는 스킨케어 브랜드.
379,Tier A,솔테라피,바디,high,export,Y,A,A-K27,info@saltherapy.biz,https://saltherapy.us,"Skin Care, Body Care, Natural & Organic Cosmetics, Contract Manufacturing(OEM/ODM), Brands/Manufacturer(Skin Care), Brands/Manufacturer(Bath & Body Care)","천일염 기반 프리미엄 바디케어 자체 브랜드(Saltherapy), 솔트 스파 스크럽 소비자 라인 보유(.us 수출 지향)."
208,Tier A,어룸,스킨케어,high,,,A,A-L02,semin@anomalylabs.biz,https://aroomskin.com/,Skin Care,AROOM 자체 스킨케어 브랜드로 아이패치·배리어크림 등 소비자 제품 개발·판매.
454,Tier A,ANOETIC BEAUTY,스킨케어,high,,,A,A-L03,leokim@anoetic.kr,https://anoeticbeauty.com,"Skin Care, Make up and Color Cosmetics, Facial Masks","아노에틱 뷰티 자체 브랜드로 헤어세럼·마스크팩 등 출시, 인플루언서 협업·바이럴 적극 활용."
318,Tier A,(주) 유나이티드앤글로벌,스킨케어,high,oem_with_brand,Y,A,A-L07,ohave@unitednglobal.com,https://ohavecosmetic.com/,"Skin Care, Cosmeceutical Products, Derma Cosmetics, Natural & Organic Cosmetics, Facial Masks, Men’s Care, Cleansing Products, Contract Manufacturing(OEM/ODM), Contract Manufacturing(Packing,Containers,etc.), Brands/Manufacturer(Skin Care), Brands/Manufacturer(Hair Care), Brands/Manufacturer(Medical & Beauty Equipment), Brands/Manufacturer (Tools/Accessories), Thread Lifts and Fillers, Laser/IPL/RF/Multi, Skin/Body Diagnosis Equipment, Home Aesthetic Device, Others","오하브(OHAVE) 비건 자사 스킨케어 브랜드(클렌저·선케어·마스크 등) 보유하고 자사몰 운영, PL·OEM/ODM은 부가 서비스로 명확히 소비자 브랜드 보유."
347,Tier A,(주)리쎄코리아,스킨케어,high,oem_with_brand,Y,A,A-L13,lisse@lisse.co.kr,https://www.dumidang.com,"Skin Care, Body Care, Derma Cosmetics, Contract Manufacturing(OEM/ODM)","비건 DUMIDANG·더마 MEDIODERM·공주아·설온기 등 200여 SKU 자체 소비자 브랜드 보유(자체몰 dumidang.com), OEM/ODM은 병행."
511,Tier A,헤아림코스메틱,스킨케어,high,export,Y,A,A-L18,hearim@hearimcosmetic.com,http://www.wechat.com/jgh_1125,"Skin Care, Derma Cosmetics, Facial Masks",HE:ARIM 자체 스킨케어 브랜드로 면세·백화점·온라인몰·소셜커머스 등 소비자 채널을 직접 운영하며 국내 판매 거점이 명확함.(검증변경)
13,Tier A,뷰가닉,헤어,high,,,A,A-N01,james@dongbangbnh.co,http://www.dongbangbnh.com,"Brands/Manufacturer(Hair Care), Hair Care Products",제로플라스틱 샴푸바 자체 브랜드 뷰가닉 보유·생산(OEM 병행하나 자사 소비자 브랜드 명확).
264,Tier A,"TWOK INTERNATIONAL Co.,Ltd.",네일,high,indie,,A,A-N03,info@twokinter.com,https://www.gelyours.com/,"Nail Polish/Gel Nail Polish, Nail Parts, Nail Accessories, Nail Tools/Equipment, Others",셀프 네일 뷰티 자체 R&D·제조 보유한 K-뷰티테크 스타트업으로 gelyours 자사 네일 소비자 브랜드 전개.
412,Tier A,LK company,바디,high,indie,,A,A-N07,rutiin7@naver.com,https://rutiin7.com/?NaPm=ct%3Dmpf5bbkh%7Cci%3Dcheckout%7Ctr%3Dds%7Ctrx%3Dnull%7Chk%3Da027671d195febc9adc2bc228de1b93135,"Body Care, Others",콜라겐 머드팩·롤온 등 자사 라이프케어 브랜드(rutiin7)로 D2C 판매하는 소비자 브랜드.
429,Tier A,유앤미코스매틱,스킨케어,high,export,,A,A-O03,cellio2023@naver.com,https://www.cellio.net/52,"Skin Care, Make up and Color Cosmetics","Dr.Cellio·Cellio·Giinsu 자체 브랜드 보유, 스킨케어·메이크업 완제품을 20개국 이상 수출하는 소비자 브랜드."
266,Tier A,채운,스킨케어,high,,,A,A-O13,official@chaewun.com,https://www.chaewun.com/,"Skin Care, Facial Masks",콜라겐·PDRN 함유 푸딩 미스트 앰플 등 임상검증 자사 스킨케어 완제품을 소비자에게 판매하는 브랜드.
267,Tier A,파인월드 / 라비엘,스킨케어,high,,,A,A-O16,sales@raviel.co.kr,https://raviel.co.kr/,Skin Care,"라비엘(RAVIEL)은 흡수구조 연구한 기능성 스킨케어 자사 소비자 브랜드, 아세로라 라인 인체적용시험 완료."
455,Tier A,주식회사 두봄,스킨케어,high,device,,A,A-O17,doobom7727@naver.com,https://www.wechat.com/wxid_o2dpd2ha982p22,"Skin Care, Cosmeceutical Products, Derma Cosmetics, Brands/Manufacturer(Skin Care), Home Aesthetic Device, Others",두봄 자체 K-에스테틱 스킨케어 브랜드로 크림·앰플 및 홈 뷰티 디바이스까지 소비자 제품 전개.
71,Tier A,(주)참존엔씨원,스킨케어,high,export,,A,A-O19,superbjhj@gmail.com,https://labonita-global-en.imweb.me/?redirect=no,"Skin Care, Facial Masks, Men’s Care, Cleansing Products","스킨케어 자체 브랜드 4개(LABONITA 등) 80여 SKU 운영, 국내 온라인 판매·해외 수출 병행."
75,Tier A,(주)코스모어플러스,스킨케어,high,,,A,A-O23,cosmoreplus@cosmoreplus.com,https://revcell.co.kr,"Skin Care, Cosmeceutical Products, Derma Cosmetics, Facial Masks, Cleansing Products, Home Aesthetic Device","프리미엄 스킨케어 자체 브랜드 리브이셀 운영, 유튜브·틱톡 인플루언서 협찬 등 이미 활용 중."
459,Tier A,주식회사 라콤 (CELL29),더마,high,device|export,,A,A-O27,lacom_official@naver.com,https://cell29.com/,"Skin Care, Cosmeceutical Products, Derma Cosmetics, Others, Home Aesthetic Device",CELL29 피부장벽 강화 홈케어 자체 브랜드로 약국·해외 13개국 유통하는 소비자 브랜드.
446,Tier A,주식회사 넥슨화장품,스킨케어,high,export,,A,A-O28,gsales@leeblese.com,http://nexxencosmetic.com,"Skin Care, Body Care, Facial Masks, Contract Manufacturing(OEM/ODM)","대표 브랜드 DABO로 K-뷰티 스킨케어·기능성 화장품 전개, 다국가 판매하는 소비자 브랜드."
456,Tier A,주식회사 드림코스,스킨케어,high,oem_with_brand,Y,A,A-O31,cp@dreamcos.co.kr,https://camihouse.co.kr/,Others,SALMONLAB·RUDIA·LOVELYCC·DUFT&DOFT 등 스킨케어/메이크업/헤어/바디 다수 자체 소비자 브랜드 보유(OEM/ODM 겸업).
436,Tier A,자민경,스킨케어,high,export,,A,A-O38,youjinsuk1@jaminkyung.com,https://jaminkyung.com/,"Skin Care, Body Care, Cosmeceutical Products, Derma Cosmetics, Cleansing Products, Brands/Manufacturer(Skin Care), Hair Care Products, Scalp Care Products, Others",JAMINKYUNG 자체 K뷰티 브랜드로 달팽이크림 1800만개 판매 등 70여종 스킨케어 완제품을 소비자에 판매.
325,Tier A,파믹,스킨케어,high,,,A,A-P11,snr@acefarminc.com,https://www.farmic.co.kr/,"Skin Care, Natural & Organic Cosmetics","자체 농장 기반 Farm to Face 비건 스킨케어 브랜드 파믹, 애플타치온 라인 소비자 판매."
293,Tier A,"From:Cella / DASHU / Daleaf (ChromaX Co., Ltd)",헤어,high,,,A,A-P12,dashu.jungjoo@gmail.com,https://chromax.co.kr/en/,"Skin Care, Men’s Care, Hair Care Products, Scalp Care Products, Hair Styling Products",DASHU·Daleaf·Ohype·From:Cella 등 프리미엄 자사 소비자 브랜드 포트폴리오 보유.
485,Tier A,주식회사 사계절,이너뷰티,high,,,A,A-P17,,,"Skin Care, Inner Beauty",일양약품 소녀콜라겐(마시는·바르는 콜라겐) 이너&아우터 뷰티 소비자 브랜드를 전개.
447,Tier A,다빈홀딩스,바디,high,export,,A,A-R06,vector@davinnature.com,https://davinnature.com/,"Skin Care, Body Care, Natural & Organic Cosmetics",KIDDUMS(베이비 스킨케어)·HENESS(수영 후 케어) 자체 소비자 브랜드 2종 보유.
386,Tier A,심플레,스킨케어,high,export,,A,A-R07,ina@liebemi.com,https://www.simpleteglobal.com,"Skin Care, Cosmeceutical Products, Derma Cosmetics",Simpleté 브랜드 Odette 라인·밀크필 토너 등 소비자 홈케어 스킨케어 완제품을 판매(일본·대만 시장).
341,Tier A,레보아미,스킨케어,medium,,,A,A-R08,sun2268@naver.com,https://youtu.be/A4i4Dnwy00c?si=6fGMH5PcQEhqVEEb,"Skin Care, Make up and Color Cosmetics, Body Care, Natural & Organic Cosmetics",천연성분 앰플 등 미백·주름개선 기능성 자체 스킨케어 완제품을 소비자 대상으로 보유.
65,Tier A,(주)제이코모,스킨케어,high,,,A,A-R09,benetus@jcomo.co.kr,https://www.benetus.co.kr/,"Skin Care, Cleansing Products","스킨케어 브랜드 '베네투스' 운영, 자사몰·스마트스토어·쿠팡 등 D2C 소비자 판매 명확."
268,Tier A,주식회사 퍼플링크,바디,high,,,A,A-R12,eth@purplelink.kr,http://not4u.kr,"Skin Care, Body Care, Derma Cosmetics, Men’s Care, Cleansing Products",NOT4U라는 전문 바디케어 자사 소비자 브랜드를 기획·제조·판매하는 기업.
507,Tier A,핑키코스메틱,스킨케어,high,,,A,A-R17,pinky@pinkycosmetic.kr,https://www.pinkycosmetic.kr/,"Skin Care, Make up and Color Cosmetics, Body Care, Facial Masks, Cleansing Products, Hair Care Products, Hair Styling Products, Nail Polish/Gel Nail Polish",키즈 전문 화장품 자체 브랜드로 자연유래 스킨·바디케어 및 키즈 코스메틱 소비자 완제품 개발·판매.
26,Tier A,모메이,메이크업,high,,,A,A-R23,beautemco@gmail.com,https://momeii.com/,"Skin Care, Make up and Color Cosmetics, Perfumery, Cleansing Products","스킨케어·메이크업·향수 자체 소비자 브랜드 '모메이' 운영, 데일리 루틴 소비자 대상 D2C몰."
406,Tier A,에이치앤와이 상사,더마,high,export,,A,A-R25,yehan1@naver.com,http://www.hycoporation.com,"Skin Care, Cosmeceutical Products, Derma Cosmetics, Cleansing Products, Brands/Manufacturer(Skin Care)",닥터미스모우·이븐원 자사 기능성 화장품 브랜드를 보유·판매하는 기업.
343,Tier A,(주) 록키스,스킨케어,high,,,A,A-R35,redgirl8282@daum.net,https://www.rokkiss.co.kr,"Skin Care, Make up and Color Cosmetics, Body Care, Facial Masks, Men’s Care, Cleansing Products",자연유래 성분 스킨케어/바디/마스크 등 자체 브랜드 록키스 완제품을 소비자몰(rokkiss.co.kr)에서 판매.
484,Tier A,HUEHEAL,스킨케어,high,,,A,A-R43,admin@huehea.com,https://www.hueheal.co.kr,"Skin Care, Body Care",비저블유스가 운영하는 자사 스킨케어 브랜드 HUEHEAL(세럼·앰플·크림 등 소비자 제품군).
380,Tier A,아이뽀,스킨케어,high,,,C,C-I03,aippo1@starluxe.co.kr,https://www.aippo.co.kr/,,AIPPO 자체 브랜드로 콜라겐/모공 앰플 마스크 소비자 완제품을 판매하는 스킨케어 브랜드.
466,Tier A,주식회사 링더벨,더마,high,indie,,C,C-I05,info@ringthebell.kr,https://ringthebell.kr/,"Skin Care, Facial Masks","자체 더마 브랜드 'resear', 독자성분 rebiomix로 GenZ 팬덤 형성한 소비자 브랜드."
415,Tier A,ODSY,스킨케어,medium,indie,,C,C-I06,deunerang@naver.com,,Others,95% 천연유래 성분의 웰에이징 자체 프리미엄 스킨케어 브랜드.
374,Tier A,크레모랩,스킨케어,high,,,C,C-I08,ayuan@samwhan.co.kr,https://eng.cremorlab.co.kr/index.html,"Skin Care, Cosmeceutical Products, Natural & Organic Cosmetics, Facial Masks, Cleansing Products","온천수 T.E.N. Water 성분의 매스티지 스킨케어 자체 브랜드(크레모랩), 소비자 대상 기능성 화장품."
441,Tier A,제이앤지코스메틱(주),스킨케어,high,export,,C,C-I11,jngcos@gmail.com,https://www.gsley.co.kr,Skin Care,"Gold Snail·GSLEY 자체 스킨케어 브랜드 2종 보유, 백화점·면세·온라인 직접 판매."
158,Tier A,릴릴,스킨케어,high,device,,C,C-I15,christin@rewindlab.co.kr,https://lylyl.co.kr/index.html,,LYLYL은 임상테스트 스킨케어와 소닉 클렌저 등 뷰티기기를 갖춘 한국 소비자 자사 브랜드.
35,Tier A,(주)승건코스메틱스,스킨케어,high,export,,C,C-I18,,https://www.loobee.co.kr/,Skin Care,"비건 클린 뷰티 자체 브랜드 LOOBEE 운영, 식물성 화장품 완제품 소비자 대상."
458,Tier A,주식회사 라오가닉,이너뷰티,high,sensitive,Y,C,C-J51,irene@laorganic.co.kr,https://Foellie.co.kr,"Skin Care, Perfumery","포엘리에(이너퍼퓸·여성청결)·아토앤오투(베이비 스킨케어) 자체 소비자 브랜드 D2C 운영, 여성청결군은 민감 플래그."
497,Tier A,주식회사 씨앤씨플래닛,스킨케어,high,,,C,C-L56,hu1998@cncplanet.co.kr,https://www.cncplanet.co.kr/,"Skin Care, Facial Masks, Cleansing Products",자사 스킨케어 브랜드 3W8L·FILFLO를 전개하는 K-뷰티 소비자 코스메틱 기업.
168,Tier A,NUNA,스킨케어,high,indie,,C,C-M06,contact@nunabeautylab.com,https://nunabeautylab.com,"Skin Care, Derma Cosmetics, Natural & Organic Cosmetics, Cleansing Products, Others",식물추출물 기반 클린 포뮬러로 민감성 피부용 소비자 스킨케어 브랜드(nunabeautylab) 운영.
399,Tier A,에브리데이 클랩스,더마,high,export,,C,C-M52,claps01@naver.com,https://www.claps.co.kr,"Skin Care, Cosmeceutical Products, Derma Cosmetics, Others",CLAPS 프리미엄 더마 스킨케어 자체 브랜드로 10개국 수출·50여 채널 유통하는 소비자 완제품.
273,Tier A,주식회사 해피웍스컴퍼니,바디,high,,,C,C-N03,jjh@slowness.co.kr,https://www.bubblemonkey.co.kr,"Skin Care, Body Care, Cosmeceutical Products, Derma Cosmetics, Cleansing Products, Contract Manufacturing(OEM/ODM), Brands/Manufacturer(Skin Care), Brands/Manufacturer(Bath & Body Care), Others, Peeling",제조사이나 자사 배스&스파 브랜드 'Bubble Monkey'(배스밤·풋스파 등 40여종) 소비자 완제품 전개.
505,Tier A,픽셀퓨어,스킨케어,high,,,C,C-O03,tftrading@pixelpure.com,https://www.pixelpure.com/,Skin Care,비건 화장품 자체 소비자 브랜드로 셀 단위 케어 컨셉의 스킨케어 완제품 판매.
202,Tier A,아로다,메이크업,high,export,,C,C-O11,rainsy@dashopmall.co.kr,https://www.aroda.co.kr,Make up and Color Cosmetics,"하트투러브 립틴트 자체 컬러코스메틱 브랜드, 해외 바이어·유통 타겟 수출형."
295,Tier A,터치인솔,메이크업,high,,,C,C-O16,br@bonne.co.kr,https://touchinsol.com/,Make up and Color Cosmetics,"메이크업 소비자 뷰티 브랜드 TOUCH IN SOL 운영, 명확한 자사 브랜드."
205,Tier A,OFBASE,스킨케어,high,,,C,C-O21,william@eyesomekorea.co.kr,http://www.ofbase.co.kr,"Skin Care, Contract Manufacturing(OEM/ODM), Brands/Manufacturer(Skin Care), Brands/Manufacturer(Hair Care), Brands/Manufacturer(Bath & Body Care)",K-뷰티 스킨케어 자체 브랜드 OFBASE로 다양한 기초 라인 보유.
334,Tier A,데이셀코스메틱 주식회사,더마,high,,,C,C-O22,lancert@daycell.com,https://daycellglobal.com/,"Skin Care, Cosmeceutical Products, Derma Cosmetics, Facial Masks","약국화장품 코스메슈티컬 기업, 20여 개 자체 브랜드·600여 종 소비자 제품 운영."
498,Tier A,"WONDER BATH (CSA COSMIC Co., Ltd.)",스킨케어,high,,,C,C-O26,jsm@csacosmic.com,https://www.wonderbath.com/,"Skin Care, Natural & Organic Cosmetics, Cleansing Products",대표 K-뷰티 브랜드 WONDER BATH(클렌징·스킨케어)를 국내외 소비자에게 판매하는 자사 브랜드.
69,Tier A,fmk 에프엠케이,더마,high,indie,,C,C-O56,fmk@gfcos.co.kr,https://fmkcos.com/,"Skin Care, Cosmeceutical Products, Derma Cosmetics, Others, Brands/Manufacturer(Skin Care), Brands/Manufacturer(Hair Care), Brands/Manufacturer(Bath & Body Care)",전문가 영역 스킨부스터를 일상 화장대로 가져오는 D2C 소비자 스킨케어 브랜드 fmk 운영.
344,Tier A,리꼼 코스메틱,더마,high,export,,C,C-P11,minwoolee@limetree.kr,https://licorne.co.kr/,"Skin Care, Cosmeceutical Products, Derma Cosmetics, Cleansing Products, Contract Manufacturing(OEM/ODM), Contract Manufacturing(Packing,Containers,etc.)","클린뷰티 자체 브랜드 리꼼·르블랑 리코네로 홈쇼핑 매진·고재구매율 기록, 20여개국 수출하는 소비자 브랜드."
32,Tier A,FORMECELL(포미셀),더마,high,export,,C,C-P17,misun5508@naver.com,https://formecell.com,"Skin Care, Derma Cosmetics, Inner Beauty, Brands/Manufacturer(Make up)","자체 더마/안티에이징 스킨케어 브랜드 FORMECELL 운영, 쿠션·크림 완제품 소비자 대상."
397,Tier A,페이블,향수,high,indie,,C,C-P21,cs@atnature.co.kr,https://fableperfume.com/,"Perfumery, Contract Manufacturing(OEM/ODM)",앳네이처의 퍼퓸 브랜드 페이블로 워터베이스 향수·바디/공간케어 소비자 완제품을 직접 조향·판매.
365,Tier A,뷰핸,바디,high,export,,C,C-P26,beauhan@diami.co.kr,https://beauhanmall.com/,Body Care,"DIAMI·BEAUHAN 자체 브랜드로 네일·핸드풋 웰니스 소비자 제품 운영, 인스타·유튜브 직접 소비자 소통."
460,Tier A,주식회사 라피끄,스킨케어,high,,,C,C-Q03,cs@rafiqcosmetics.com,https://plentyplant.co.kr/,"Skin Care, Body Care, Natural & Organic Cosmetics, Brands/Manufacturer(Skin Care), Brands/Manufacturer(Bath & Body Care)",자체 브랜드 '플렌티플랜트' 식물유래 고기능성 스킨케어를 직접 전개하는 소비자 브랜드.
253,Tier A,고요이 GOYOYI,향수,high,export,,C,C-Q05,hello@goyoyi.com,https://goyoyi.com/?NaPm=ct%3Dmpgbeekh%7Cci%3Dcheckout%7Ctr%3Dds%7Ctrx%3Dnull%7Chk%3Ddb09065ae8709ba906dd4f6911afdda4b73,Perfumery,"K-Fragrance 자사 향수 브랜드로 자사몰(goyoyi.com) 통해 소비자에게 직접 판매, 글로벌 확장 추진 중."
503,Tier A,피에이치하비,스킨케어,high,,,C,C-Q06,phhubby@phhubby.com,https://en.phhubby.com/,Others,Ph.Hubby 자체 선케어·클렌징·스킨케어 소비자 브랜드로 철학·특허원료(씀바귀) 기반 완제품 판매.
249,Tier A,EYECANDY (아이캔디),헤어,high,,,C,C-Q07,stephen@jworksext.co.kr,https://en.eye-candy.co.kr/,"Hair Tools(Brushes, Combs, Scissors, etc.)","JWORKS 헤어브러시 국내 판매 1위 자사 브랜드(레인보우 볼륨S), 5000개 매장 입점한 소비자 헤어툴 브랜드."
246,Tier A,닥터펩티,더마,high,export,,C,C-Q10,trade@jncoceu.com,http://www.jncoceu.com/en/,Skin Care,"닥터펩티는 펩타이드 버블 시리즈로 1년 700억 매출 기록한 더마 안티에이징 자사 소비자 브랜드, 아마존·틱톡샵 등 글로벌 유통."
72,Tier A,(주)카푸네인터내셔널,헤어,high,,,C,C-Q13,t2o3p@naver.com,https://cafuneglobal.com/,,"두피·모발 K-헤어케어 자체 브랜드 카푸네 운영, 국내 온라인 유통·홈케어 소비자 제품 판매."
224,Tier A,주식회사 오버랩스,스킨케어,high,export,,C,C-Q21,business@overlaps.co.kr,https://overlaps.co.kr/,"Skin Care, Cleansing Products",엑토인 장벽케어 자체 브랜드로 올리브영·아마존·틱톡샵 등 소비자 D2C 운영.
420,Tier A,올어바웃아이즈,메이크업,high,,,C,C-R03,alleyes@all-eyes.kr,https://madame-lash.com/,Eyelash Products,"마담래쉬(Madame Lash) 자체 노글루 비건 속눈썹 소비자 브랜드를 보유, 자사몰 운영하는 아이래쉬 완제품 브랜드."
242,Tier A,브라이트,더마,high,,,C,C-R04,,https://smartstore.naver.com/brightbrush,"Skin Care, Derma Cosmetics, Facial Masks, Hair Care Products",BRIGHT는 PDRN·히알루론산 기반 더마코스메틱 자체 소비자 브랜드로 네이버 스마트스토어에서 직접 판매.
418,Tier A,오오유 주식회사,스킨케어,high,indie,,C,C-R13,contact.bfou@gmail.com,https://www.bfou.kr,"Skin Care, Facial Masks, Cleansing Products",진생씨앗·PDRN 마스크·미스트 등 자사 스킨케어 브랜드 bfou 보유·판매.
285,Tier A,올웨이즈비퓨어,스킨케어,high,export,,L,L-A05,steven@kailani-int.com,http://www.alwaysbepure.com,"Skin Care, Derma Cosmetics, Natural & Organic Cosmetics, Cleansing Products","자연유래 저자극 스킨케어 자사 브랜드 'Always be Pure' 운영, 클린뷰티 소비자 브랜드."
349,Tier A,리타,스킨케어,medium,,,L,L-A06,liita@proving-grounds.co.kr,https://www.liita-seoul.com,Skin Care,LIITA 자체 뷰티 브랜드로 스킨케어 완제품을 소비자 대상으로 전개(liita-seoul.com).
220,Tier A,바루쟈,스킨케어,high,,,L,L-A07,nsl@thevaruza.com,https://www.thevaruza.com,"Skin Care, Natural & Organic Cosmetics, Facial Masks",NSL의 프리미엄 비건 스킨케어 자체 소비자 브랜드 VARUZA로 글로벌 K-뷰티 소비자 대상 판매.
145,Tier A,주식회사 바이비카,헤어,high,,,L,L-A15,hello@inbutim.com,https://inbutim.com,Hair Care Products,"INBUTIM 두피·헤어·래쉬 케어 디스트레스 뷰티 브랜드, 명확한 소비자 자사 브랜드 보유."
430,Tier A,(주)유에스티,스킨케어,high,,,L,L-A16,truthofbeauty@naver.com,https://www.truthofbeauty.kr,"Skin Care, Facial Masks, Cleansing Products",트루스 오브 뷰티(Truth Of Beauty) 자체 모던 스킨케어 소비자 브랜드를 보유·운영.
279,Tier A,지비알아이디어,스킨케어,medium,,,L,L-B11,seo9009@hanmail.net,https://www.vah.co.kr,"Skin Care, Cleansing Products",브이에이에이치 생산제품 전문 판매 자회사로 ARRA·아라한수 등 한방라인 자사 스킨케어 브랜드 판매.
364,Tier A,부드와서울,스킨케어,high,export,,L,L-B22,grandidier_official@naver.com,http://www.grandidier.kr,Skin Care,"Grandidier는 다즐링티 기반 리추얼 뷰티 자체 브랜드, 아마존·면세점 직판으로 소비자 대상 명확."
480,Tier A,(주)벤치컴퍼니 Bench company Inc,스킨케어,high,,,L,L-C06,hglee@benchcompany.kr,https://www.fitroot.kr,Skin Care,자사 웰니스 액티브 뷰티 브랜드 FITROOT(Super Protein 독자성분)를 소비자에게 판매하는 스킨케어 브랜드.
255,Tier A,셀릭사,더마,high,,,L,L-C07,kns.cosmetic@gmail.com,https://celixa.co.kr,"Skin Care, Cosmeceutical Products, Derma Cosmetics, Facial Masks","PDRN·줄기세포배양액 기반 더마 스킨케어 자사 브랜드로 와디즈 펀딩 1위, 전국 H&B 약국 입점 및 자사몰 운영."
367,Tier A,L-E03: Tender garden 텐더가든 / L-E04: BELDORA 벨도라,스킨케어,high,export,,L,L-E03,vglobal@vplatform.kr,https://vplatform.kr/,"Skin Care, Body Care, Derma Cosmetics, Natural & Organic Cosmetics, Facial Masks, Cleansing Products, Inner Beauty","V.Platform이 텐더가든·벨도라·뮤센트 자체 브랜드 운영, 온오프·라이브커머스·KOL 마케팅까지 직접 소비자 판매."
453,Tier A,주식회사 더연,스킨케어,high,export,,L,L-G02,theyeonsales@theyeon.net,https://theyeon.kr/,"Skin Care, Natural & Organic Cosmetics, Cleansing Products, Contract Manufacturing(OEM/ODM), Brands/Manufacturer(Skin Care)",2012년 론칭 K-뷰티 브랜드로 비타7 라인 등 데일리 스킨케어 자체 개발·판매.
377,Tier A,셀비오코스메틱(주),스킨케어,medium,export,Y,L,L-G06,cellviocosmetic@naver.com,https://www.cellviocosmetic.co.kr/,Others,"DOLDORI 롤 마스크팩 자체 브랜드를 직접 연구·개발하는 기능성 마스크팩 K-뷰티, OEM/ODM도 하나 소비자 브랜드 명확."
427,Tier A,유니티,스킨케어,high,,,L,L-H01,luxevo@luxevo.co.kr,https://luxevo.co.kr,,럭세보(Luxevo) 줄기세포·엑소좀·PDRN 기반 재생 스킨케어 자체 소비자 브랜드를 보유.
431,Tier A,이아이오(L-H02) / 누이브(L-H03),더마,high,,,L,L-H02,,https://eiio.co.kr/,"Skin Care, Body Care, Derma Cosmetics, Facial Masks, Cleansing Products, Hair Care Products","Cosmetina의 EIIO 자체 더마/장벽케어 스킨케어 소비자 브랜드를 보유, 민감성 피부 솔루션 판매."
499,Tier A,주식회사 씨에이치바이오,스킨케어,high,,,L,L-J01,chbiokorea@naver.com,https://www.chbio.net,"Skin Care, Cosmeceutical Products, Natural & Organic Cosmetics, Inner Beauty",자사 비건 브랜드 루트리(Rootree)·샤인pH를 올리브영 등 소매로 판매하는 소비자 스킨케어.
275,Tier B,(주)케이비에이치케어,더마,medium,export|sensitive|borderline,Y,180,180,kbhcare@naver.com,https://kbhcare.com/,"Derma Cosmetics, Brands/Manufacturer(Skin Care), Brands/Manufacturer(Medical & Beauty Equipment)","의약품·의료기기·화장품 수출 무역이 본업이나 CPNP 취득한 자사 브랜드 화장품 보유, 민감품목 혼재로 조건부."
201,Tier B,주식회사 아가파월드,홈디바이스,low,borderline|device,Y,A,A-A01,info@agafar.com,https://www.wechat.com/Afgfguknnn,"Skin Care, Cosmeceutical Products, Derma Cosmetics, Skin/Body Diagnosis Equipment",agafar 자체 시술후 스킨케어+뷰티디바이스 솔루션 보유하나 피부과 클리닉 네트워크·프랜차이즈 채널 판매 중심이라 직접 소비자 브랜드성 약함.
260,Tier B,듀얼테트라,홈디바이스,high,device,Y,A,A-A17,customercare@cura-pulse.com,https://dualtetra.co.kr/,Home Aesthetic Device,큐라펄스가 자체 R&D한 가정용 뷰티 디바이스 '듀얼테트라'를 AI 루틴 케어와 함께 소비자에 제안하는 자사 홈디바이스 브랜드.
243,Tier B,(주)제노헬릭스,더마,medium,borderline,Y,A,A-A18,xenohelix@xenohelix.com,http://www.xenohelix.com,"Skin Care, Cosmeceutical Products, Derma Cosmetics, Natural & Organic Cosmetics, Hair Care Products, Scalp Care Products","바이오 소재 기술 기반이나 미스트·토너·세럼·헤어토닉 등 고기능성 소비자 제품군을 자사 출품, 소재기업 성격 동반이라 소비자 채널 확인 필요."
92,Tier B,Beaufirst Global Company Limited,더마/스킨케어,medium,borderline|export,Y,A,A-B01,Beaufirstglobal@gmail.com,,"Skin Care, Make up and Color Cosmetics, Body Care, Cosmeceutical Products, Derma Cosmetics, Facial Masks, Cleansing Products, Contract Manufacturing(OEM/ODM)",Dērmyxis 브랜드로 18 SKU·5라인 엑소좀/펩타이드 더마 스킨케어 보유하나 한국 제조품 정식수입 유통 성격이라 자체 브랜드 여부 확인 필요.
330,Tier B,DERMA YOURCELL,더마,high,,Y,A,A-B06,fruitsjuice@naver.com,https://www.dermayourcell.com/,"Skin Care, Derma Cosmetics, Facial Masks, Hair Care Products, Scalp Care Products","온라인 가격방어 잘되는 더마코스메틱 자체 브랜드로 피부타입별 라인 솔루션을 소비자에 판매, 더마라 조건부."
17,Tier B,메딕콘,홈디바이스,medium,device|borderline,Y,A,A-B17,medicon@medicon.co.kr,http://www.medicon.co.kr/,"Contract Manufacturing(OEM/ODM), Brands/Manufacturer(Medical & Beauty Equipment), Home Aesthetic Device",초음파 뷰티디바이스 자체개발 가정용 홈케어 라인 보유하나 OEM·전문가용 병행으로 조건부.
504,Tier B,피텐,더마,medium,borderline|sensitive,Y,A,A-B18,pms@pitenkorea.com,https://www.drpiten.com,Others,Dr.Piten 소비자 더마 브랜드이나 아토피·습진·모낭염·국부 가려움 등 의약품성 효능 소구가 강하고 펫·관절케어까지 혼재해 민감·애매함.(검증변경)
237,Tier B,"ILLON CO., LTD",더마/스킨케어,low,borderline,Y,A,A-B21,global@illon.co.kr,https://theillon.com/en,"Skin Care, Body Care, Derma Cosmetics, Scalp Care Products, Home Aesthetic Device",흡수 중심 하이브리드 코스메슈티컬 자체 브랜드 ILLON(브랜드 사이트 theillon.com) 운영이나 desc에 소비자 판매·리테일 채널 근거가 약해 확인 필요.
209,Tier B,주식회사 에르띠코리아,더마,high,export,Y,A,A-C02,ertykorea@naver.com,https://www.ertykorea.com/,"Skin Care, Derma Cosmetics, Men’s Care, Peeling, Others","에르띠 자체 더마 에스테틱 브랜드로 ER크림·앰플·클렌저 라인 보유, 10개국 이상 수출 재생 스킨케어."
348,Tier B,리쥬멜라 코리아,더마,medium,borderline,Y,A,A-C03,rejumela@naver.com,https://www.rejumela.co.kr,"Skin Care, Cosmeceutical Products, Derma Cosmetics, Facial Masks, Cleansing Products, Brands/Manufacturer(Skin Care)",R&D 전문 표방하나 REJUMELA 브랜드로 시술후회복·홈케어 완제품을 자체몰(rejumela.co.kr)에서 소비자 판매.
476,Tier B,"BIO GLORIOUS CO.,LTD.",더마,medium,oem_with_brand|export|borderline,Y,A,A-C06,bioglorious@naver.com,https://palab.co.kr/,"Skin Care, Body Care, Derma Cosmetics, Cleansing Products, Brands/Manufacturer(Skin Care), Brands/Manufacturer(Bath & Body Care)","OEM/ODM 제조사이나 자체 더마 브랜드 USOLAB 70제품을 1000+병원·12개국 유통, 다만 병원 전문채널 비중 커 조건부."
187,Tier B,KYUNGLAB,더마,high,export|borderline,Y,A,A-C07,info@ssmb.vn,https://kyunglab.kr/  ; https://kyunglab.vn/,"Skin Care, Make up and Color Cosmetics, Body Care","한국 프리미엄 더마 코스메틱 자체 브랜드 경랩이나, 출품 주체는 베트남 독점유통사 SSMB로 B2B·수출 중심이라 국내 인플 의향 확인 필요."
312,Tier B,㈜나인원코스메디,더마,medium,oem_with_brand|borderline,Y,A,A-C11,OBD@91cosmedi.com,https://www.wechat.com/nineone9179,"Skin Care, Derma Cosmetics, Contract Manufacturing(OEM/ODM)","OEM/ODM 제조사이나 Rebloom·Curacion·Vital-medi 자사 브랜드 보유, 에스테틱·뷰티살롱 채널 중심이라 일반 소비자 인플 의향 조건부."
12,Tier B,르베라쥬,스킨케어,high,export,Y,A,A-D21,lebelage@lebelage.co.kr,https://lebelage.co.kr/,,자체 화장품 브랜드 LEBELAGE·HEEYUL 보유하나 40개국 수출중심으로 국내 인플 의향 불명확.
410,Tier B,에텔랑,스킨케어,medium,borderline,Y,A,A-D32,etelanc@naver.com,https://www.etelanc.com,"Skin Care, Body Care, Facial Masks, Cleansing Products",해외 에스테틱 브랜드 수입과 함께 자체 화장품 브랜드 에텔랑 보유하나 주로 에스테틱 전문(B2B) 채널이라 조건부.
0,Tier B,세포랩,더마,low,borderline,Y,A,A-E01,biz@fugenbio.co.kr,https://cepolab.com/,Derma Cosmetics,desc 비어있음. 사명 세포랩/cepolab 자체도메인몰로 더마코스메틱 소비자 브랜드 추정하나 근거 약함.
468,Tier B,주식회사 메조팜,더마,medium,borderline|oem_with_brand,Y,A,A-E16,purple9260@hnamail.net,https://mesopharm.co.kr/,"Skin Care, Contract Manufacturing(OEM/ODM), Brands/Manufacturer(Skin Care), Scalp Care Products, Peeling","제조 전문이나 다수 자체 브랜드 보유, 메디컬·살롱 코스메슈티컬로 소비자 직판 채널 여부는 확인 필요."
18,Tier B,(주)미성메탈,뷰티소품,low,borderline,Y,A,A-E21,jkhan@misunggc.co.k,https://smartstore.naver.com/misunggc,Others,헤어브러시·미용소품 자체기획 상품을 스마트스토어로 판매하나 유통사·바이어 협업 중심이라 조건부.
240,Tier B,주식회사 정코스메틱,더마,high,oem_with_brand|borderline,Y,A,A-F03,jungco@jungco.co.kr,http://www.essello.co.kr,"Skin Care, Contract Manufacturing(OEM/ODM), Brands/Manufacturer(Skin Care)","OEM/ODM 겸영이나 자사브랜드 베아티스·허니비 보유, 다만 신규 에쎌로는 피부과·에스테틱 전용이라 소비자 직접판매 채널 확인 필요."
451,Tier B,AESTHEIN,더마,medium,borderline|export,Y,A,A-F27,aesthein_sy@naver.com,http://aesthein.kr,"Skin Care, Cosmeceutical Products, Derma Cosmetics, Facial Masks, Cleansing Products, Education, Marketing",에스테틱 전문 브랜드로 클리닉+홈케어 고기능성 제품 보유하나 전문가향·수출·아카데미 중심이라 국내 인플 의향 불명확.
5,Tier B,㈜3일애,더마,medium,indie,Y,A,A-G32,sales@3dayslove.kr,https://www.3dayslove.kr/,Skin Care,제주 감귤 줄기세포 엑소좀 스킨부스터 크림 등 자체 완제품을 .kr몰로 보유한 신생 코스메슈티컬 브랜드.
331,Tier B,더마퀸,홈디바이스,medium,device|export|oem_with_brand,Y,A,A-H21,limta11@naver.com,https://themaqueen.com/,"Contract Manufacturing(OEM/ODM), Brands/Manufacturer(Skin Care), Brands/Manufacturer(Hair Care), Brands/Manufacturer(Bath & Body Care), Brands/Manufacturer(Medical & Beauty Equipment), Brands/Manufacturer (Tools/Accessories), Scalp Care Products, Hair Device, Hair Tools(Brushes, Combs, Scissors, etc.), Home Aesthetic Device",쿨링마사저·클렌징브러시 뷰티기기 제조사로 자체 브랜드 themaqueen을 올리브영·쿠팡 등에 판매하나 OEM·수출 비중 커 조건부.
314,Tier B,㈜바이오에프디엔씨,더마,medium,oem_with_brand|borderline,Y,A,A-H27,biofdnc@global.com,https:// www.biofdnc-global.com,"Skin Care, Cosmeceutical Products, Contract Manufacturing(OEM/ODM), Brands/Manufacturer(Skin Care), Scalp Care Products, Hair Device",코스메슈티컬 원료·OEM 공급이 핵심인 바이오 소재기업이나 필로리젠·리쥬피나 자사 앰플·패치 보유로 조건부.
59,Tier B,(주)울파인,홈디바이스,high,device,Y,A,A-H37,ulfine@naver.com,http://ulfine.co.kr/,"Brands/Manufacturer(Medical & Beauty Equipment), Skin/Body Diagnosis Equipment, Home Aesthetic Device, Slimming Massage",초음파+RF 충전식 가정용 페이셜 기기 BAROLIF를 자체 브랜드 ULFINE로 일상용 소비자에게 판매하는 홈 뷰티 디바이스 브랜드.
83,Tier B,(주)피노젠,스킨케어/이너뷰티,medium,borderline|indie,Y,A,A-I02,star@pinogen.com,https://pinogen.com/,"Skin Care, Natural & Organic Cosmetics, Inner Beauty, Others, Contract Manufacturing(OEM/ODM)","소나무 부산물 업사이클 소셜벤처로 자체 도메인·스킨케어/이너뷰티 카테고리 보유, 다만 OEM/ODM 병행이라 자사 브랜드 판매 확인 필요."
477,Tier B,"BiOBiO Co.,Ltd.",바디,medium,borderline,Y,A,A-I06,biobiocos@naver.com,https://www.biobiokorea.com/,"Skin Care, Body Care, Contract Manufacturing(OEM/ODM), Brands/Manufacturer(Skin Care), Brands/Manufacturer(Bath & Body Care), Brands/Manufacturer(Nail/Eyelash/Waxing), Nail Polish/Gel Nail Polish, Others, Distribution, Education",풋샴푸·풋데오미스트 등 손발톱·발 위생 홈케어 자체제품을 개발·유통하나 전문샵·프랜차이즈·교육 비중 커 조건부.
457,Tier B,주식회사 라메디텍,홈디바이스,high,device,Y,A,A-I11,puraxel@lameditech.com,https://www.puraxel.co.kr,"Skin Care, Contract Manufacturing(OEM/ODM), Brands/Manufacturer(Skin Care), Brands/Manufacturer(Medical & Beauty Equipment), Laser/IPL/RF/Multi",퓨라셀(PURAXEL) 자체 레이저 뷰티디바이스 브랜드로 전문가용+홈케어 라인 보유한 가정용 디바이스.
54,Tier B,(주)엠피컴퍼니,더마,medium,borderline|indie,Y,A,A-I27,jungye@medipair.co.kr,https://www.medipair.co.kr/,"Skin Care, Derma Cosmetics",2022년 설립 화장품 제조법인으로 제조·기술이전 색채가 강하나 BIO24·MEDIPAIR 자사 더마 라인과 medipair.co.kr 소비자몰 보유로 조건부 B.
160,Tier B,MLAY INTERNATIONAL LIMITED,홈디바이스,low,device|export|borderline,Y,A,A-I43,cml@mlays.com,https://www.mlays.com,,"MLAY 자체 브랜드로 PSE/NRTL/TGA 등 전기·기기 인증을 받아 가정용 뷰티 디바이스를 글로벌 D2C 판매하는 정황, 조건부 device."
357,Tier B,미영씨앤씨,헤어,medium,borderline,Y,A,A-J08,ecomine@ecomine.co.kr,https://hesolmall.com/,,18개 프랜차이즈·5천여 살롱에 두피모발 솔루션 공급(B2B 성격 강함)이나 자체몰(hesolmall) 운영하며 스킨케어 확장 중.
274,Tier B,디오에스앤유니크,홈디바이스,medium,borderline|device,Y,A,A-K06,monica.son@dosintl.com,https://dosinternational.co.kr/en/,"Skin Care, Body Care, Brands/Manufacturer(Hair Care), Brands/Manufacturer(Medical & Beauty Equipment), Scalp Care Products, Home Aesthetic Device",화이트 태닝 시스템·뷰티 디바이스와 전용 화장품을 자체 개발·생산·유통하나 태닝 장비가 업소용 성격 강해 소비자향 조건부.
467,Tier B,엑소블랑,홈디바이스,medium,device|borderline|export,Y,A,A-K13,sales1@linkusglobal.kr,https://linkusglobal.kr/,"Skin Care, Derma Cosmetics, Facial Masks, Contract Manufacturing(OEM/ODM), Home Aesthetic Device",Kairax필러·Kaimax톡신 등 클리닉용이 주력이나 Exoblanc은 일상 스킨케어 시장 겨냥한 홈케어 마이크로니들 디바이스 자체브랜드로 소비자대상 존재. (검증변경)
28,Tier B,(주)새로핸즈,향수,medium,oem_with_brand,Y,A,A-K21,jh.lee@saero.co.kr,https://www.saerohands.com/,"Perfumery, Contract Manufacturing(OEM/ODM)","향수 OEM/ODM 기반이나 '퍼퓸얼','센트홈' 등 자체 완제품 라인을 완제품 시장으로 확장 중인 소비자 향수 브랜드"
63,Tier B,(주)제이앤제이,더마,low,borderline,Y,A,A-L06,jnj_25@daum.net,https://earthera01.cafe24.com/,Derma Cosmetics,desc는 추상적 R&D·뷰티제품 위주이나 공식 웹사이트가 카페24 자사몰(earthera)이라 더마 소비자 브랜드 운영으로 추정되어 확인 필요.
502,Tier B,BOTA C X Choi's Choice lab,스킨케어,high,export|indie,Y,A,A-L08,cheonghaedam@gmail.com,https://www.kglowmelb.com,"Skin Care, Hair Care Products",2020년 호주 런칭 기능성 K-뷰티 자체 브랜드로 6종 라인업 보유하나 유통이 호주 클리닉·살롱·약국 B2B 중심이라 국내 인플 의향 불명확함.
105,Tier B,VINACEUTICALS,더마,medium,export|indie|borderline,Y,A,A-L11,official@vinaceuticals.vn,https://vinaceuticals.vn,"Skin Care, Cosmeceutical Products, Natural & Organic Cosmetics",베트남 자체 코스메슈티컬 생태계로 자사 실험실에서 임상검증 스킨케어를 연구·개발·판매하는 소비자 브랜드이나 해외 신생이라 국내 인플 의향 불명확.
368,Tier B,비오아이,바디,medium,oem_with_brand,Y,A,A-N02,jaypal_company@naver.com,https://bringorganic.com,"Body Care, Brands/Manufacturer(Nail/Eyelash/Waxing), Waxing Products",OEM/ODM 기업이나 자체 브랜드 '브링오가닉' 운영하며 셀프왁싱·홈케어 소비자 제품 보유로 조건부 대상.
175,Tier B,SHAAN HONQ INT'L COSMETICS CORP.,헤어,medium,borderline|export,Y,A,A-N33,liliya@shaanhonq.com.tw,https://www.shaanhonq.com.tw/,,40년 헤어케어·염모 자체 브랜드(AI SMART 새치커버 컬러) 보유하나 살롱·스타일리스트 전문가용 포지셔닝이라 소비자 인플 적합성 조건부.
78,Tier B,코이즈,더마,medium,borderline|export,Y,A,A-O06,coizmkt@gmail.com,https://oxygenceuticals.co.kr/,,산소 스킨케어 자체 브랜드 옥시젠슈티컬스(자사몰 보유) 운영하나 병의원 800곳·35개국 수출·시술후처치 B2B 중심이라 조건부.
360,Tier B,(주)배쓰프로젝트,바디,medium,oem_with_brand|export,Y,A,A-O14,office@bathproject.kr,https://www.bathproject.kr/,"Body Care, Perfumery, Others, Contract Manufacturing(OEM/ODM), Brands/Manufacturer(Bath & Body Care)","desc상 '스파&바디케어 브랜드이자 OEM/ODM 제조사', 입욕제·퍼퓸 바디케어를 올리브영·다이소 등 소비자 채널에 유통하나 OEM 비중 큼."
317,Tier B,바이더퀄리티,더마,medium,export|borderline,Y,A,A-O21,bythequality@gmail.com,https://www.bythequality.com/en,"Skin Care, Derma Cosmetics","Alo Zulene·LactZe 자사 더마코스메틱 브랜드이나 에스테틱 클리닉·전문가 대상 중심, CPNP·MoCRA 수출 확장형이라 조건부."
493,Tier B,epielle,스킨케어,medium,export,Y,A,A-O26,,https://epielle.com/,"Skin Care, Make up and Color Cosmetics, Body Care, Facial Masks, Cleansing Products, Contract Manufacturing(OEM/ODM), Contract Manufacturing(Packing,Containers,etc.)",자사 브랜드 epielle 보유하나 20년간 미국 유통 중심 수출형이라 국내 인플 의향 불명확.
258,Tier B,Korea Honey,스킨케어,medium,borderline,Y,A,A-O36,k-honey@naver.com,https://www.sharp-be.com/,Skin Care,양봉농협 자회사로 꿀·프로폴리스 원료 기반 화장품 개발·마케팅하며 프리미엄 코스메틱 시장 진입 중이나 자사 브랜드 정립 단계 확인 필요.
333,Tier B,TRINICELL,더마,high,,Y,A,A-O37,contact@trinicell.co.kr,https://trinicell.co.kr/,"Skin Care, Cosmeceutical Products, Derma Cosmetics","슬로에이징 더마 브랜드로 Derma Ritual 홈케어 루틴을 시술 후·민감피부 소비자에 판매, 코스메슈티컬/더마라 조건부."
252,Tier B,주식회사 제트글로벌,더마,medium,export|borderline,Y,A,A-P01,tomtittot.official@gmail.com,https://tomtittot.com/,,"2020년 tom-tit-tot 브랜드 런칭해 태국·미국 등 수출, 에스테틱 전용이나 홈케어 겸용 개발 중이라 소비자 직접판매 비중 확인 필요."
473,Tier B,"MIMO CO., LTD.",네일,medium,borderline|oem_with_brand,Y,A,A-P20,kkb0717@naver.com,https://mimonail.com/,"Contract Manufacturing(OEM/ODM), Nail Polish/Gel Nail Polish, Others","네일 OEM/ODM 제조사이나 자체 브랜드 LAGELAVU·MIMO 보유, 네일은 비핵심 뷰티라 조건부."
64,Tier B,JKOSMEC,스킨케어,medium,export|oem_with_brand,Y,A,A-P21,sales@jkosmec.com,https://kr.linkedin.com/in/jkomecs-korea-a50a26259,"Skin Care, Facial Masks, Cleansing Products, Contract Manufacturing(OEM/ODM), Hair Care Products",K-beauty 자체 브랜드 표방하며 마스크·클렌저·세럼·헤어케어 풀라인 보유하나 OEM 병행·30개국 수출 중심이라 국내 인플 의향 불명확.
375,Tier B,성림 BNC,홈디바이스,medium,device|export,Y,A,A-R02,sunglimbnc@naver.com,http://www.sunglimbnc.com,"Skin Care, Body Care, Skin/Body Diagnosis Equipment","에스테틱 기기와 앰플·크림·기능성 화장품을 홈케어·전문가용으로 운영하는 자체 브랜드, 기기·화장품 혼합으로 조건부."
359,Tier B,(주)바이오센서연구소,스킨케어,medium,export,Y,A,A-R21,global@biosensorlab.com,https://franzskincareusa.com/,"Skin Care, Facial Masks, Brands/Manufacturer(Skin Care), Hair Care Products","자체 R&D 성분(SP-EGF 등) 기반 스킨케어 브랜드 FRANZ 보유, 미국몰(franzskincareusa.com) 운영하나 해외중심으로 국내 인플 의향 불명확."
297,Tier B,Wati For Skin,스킨케어,high,export,Y,A,A-R29,twotigers2222@naver.com,https://youtu.be/UiaA9IiuFWA,"Skin Care, Make up and Color Cosmetics, Body Care, Hair Care Products",고기능성 스킨케어 자사 브랜드 'Wati for Skin'(128 SKU) 전개하나 24개국 수출·바이어 마진 중심으로 수출형.
219,Tier B,바이오셀힐 & 카토-카토,더마,high,,Y,A,A-R34,sallyshen__@naver.com,https://bluecpr.com,"Skin Care, Make up and Color Cosmetics, Derma Cosmetics, Facial Masks","바이오셀힐 자체 더마 스킨케어 브랜드로 독자성분 PDRNOLEN·더마테스트 등급, 피부 고민별 소비자 라인 보유."
38,Tier B,(주)씨유스킨,더마,low,borderline,Y,A,A-R39,jay@cuskin.com,https://www.cueshop.co.kr,"Skin Care, Cosmeceutical Products, Derma Cosmetics, Facial Masks, Others, Hair Care Products",피부과 협력 코스메슈티컬 제조·유통이나 클리닉/에스테틱 전문채널 중심이라 소비자 D2C 브랜드성은 미확인
61,Tier B,일공일공 이미지플러스,바디/이너뷰티,medium,sensitive|borderline,Y,C,C-I04,1010master@naver.com,https://www.tentengroup.net,Body Care,자사 소비자 브랜드 이미지플러스(Y존 케어 화장품)·먹는 이미지 제품 운영하나 여성 인티메이트 케어 민감군 성격이라 조건부.
434,Tier B,인솔 주식회사,더마,high,derma,Y,C,C-I13,ninova@in-sol.co.kr,https://kr.linkedin.com/company/in-sol,"Skin Care, Derma Cosmetics, Contract Manufacturing(OEM/ODM)",체외진단 의료기기 기업 출발이나 NINOVA 자체 저자극 더마·마이크로바이옴 스킨케어 소비자 브랜드(멀티펩타이드 넥크림 등) 보유.
245,Tier B,주식회사 제이비무역,홈디바이스,high,device,Y,C,C-I20,yrkwoon@naver.com,https://charmbody.co.kr/,"Home Aesthetic Device, Others","프리미엄 홈케어 브랜드 참바디(CHAMBODY) 자사몰 보유, 각질제거기 발가리PRO 등 가정용 뷰티 디바이스 소비자 브랜드(생활가전 혼재)."
217,Tier B,주식회사 에이치피앤씨,더마,medium,oem_with_brand|sensitive,Y,C,C-K42,hpncmall@hpnc.co.kr,http://hpnc.co.kr/,"Skin Care, Derma Cosmetics, Contract Manufacturing(OEM/ODM), Brands/Manufacturer(Skin Care), Thread Lifts and Fillers",테라비코스·라비덤·메이톨로 자체 코스메슈티컬 브랜드 보유하나 필러·의약품·OEM 등 의료 B2B 비중 큼.
225,Tier B,주식회사 오션스인터내셔널,스킨케어/메이크업,medium,oem_with_brand|export,Y,C,C-L36,sales@oseansint.com,http://www.oseansint.com/kr/,"Skin Care, Make up and Color Cosmetics, Facial Masks, Contract Manufacturing(OEM/ODM), Brands/Manufacturer(Skin Care)","OEM/ODM 주력이나 더프레스카랩·므시뚜·콜라보엑스 등 자체 OBM 소비자 브랜드 운영, 다만 수출·B2B 고객사 중심이라 국내 인플 의향 확인 필요."
506,Tier B,(주)필코코스팜,더마,medium,oem_with_brand|borderline,Y,C,C-L47,pilko@pilko.org,https://pilkocospharm.co.kr/,"Skin Care, Cosmeceutical Products, Derma Cosmetics, Contract Manufacturing(OEM/ODM), Contract Manufacturing(Packing,Containers,etc.), Home Aesthetic Device",화장품·스킨부스터·의료기기 OEM/ODM이 주력이나 자체 브랜드 '메디씨엘(Mediciel)'을 론칭해 소비자 판매 중이며 그 비중은 확인 필요함.
186,Tier B,INOPRO,오럴케어,medium,indie|borderline,Y,C,C-M01,alexander@inopro.us,https://inopro.us,"Skin Care, Body Care, Cosmeceutical Products, Derma Cosmetics, Natural & Organic Cosmetics, Inner Beauty, Others",퍼옥사이드프리 치아미백 등 일상용 스마일케어를 자사 브랜드(inopro.us)로 직접 판매하는 뷰티 인접 신생 소비자 브랜드.
60,Tier B,(주)이레코스메틱,스킨케어,medium,export|oem_with_brand|borderline,Y,C,C-M56,holyleader@naver.com,https://www.irecosmetic.co.kr,"Skin Care, Contract Manufacturing(OEM/ODM), Brands/Manufacturer(Skin Care)","에스테틱 화장품 OEM/ODM 제조사이나 자체 브랜드 '오디코시','베라넘' 보유, 다만 베트남·캐나다 총판 등 해외 B2B 중심이라 국내 인플 의향 불명확."
421,Tier B,와더스킨,스킨케어,medium,oem_with_brand,Y,C,C-M57,info@whataskin.co.kr,https://whataskin7.cafe24.com/shop3/,"Skin Care, Body Care, Facial Masks, Cleansing Products, Contract Manufacturing(OEM/ODM)",20년 제조 경력의 OEM/ODM사이나 자체 비건 스킨케어 브랜드 'What a skin'과 cafe24 자사몰을 운영하는 브랜드 겸영.
289,Tier B,KONAD코나드,메이크업,medium,oem_with_brand,Y,C,C-N46,konadkorea@konadnail.com,http://www.konadcosmetic.com,"Skin Care, Make up and Color Cosmetics, Body Care, Facial Masks, Cleansing Products, Hair Care Products, Scalp Care Products","20년 OEM/ODM 제조사이나 'own in-house brands' 명시, 코나드 네일아트는 소비자 인지 자체 브랜드."
482,Tier B,"VIEWTEL Co., Ltd.",홈디바이스,medium,device,Y,C,C-N51,marketing@view-tel.co.kr,https://viewtel.cafe24.com/,Home Aesthetic Device,자사 가정용 AI 뷰티 디바이스 브랜드 '뷰더마'를 소비자에게 직접 제공하는 홈 에스테틱 기기 브랜드.
371,Tier B,BTF,홈디바이스,high,device,Y,C,C-N57,hanmaum117@naver.com,https://thebtf.co.kr,"Skin Care, Derma Cosmetics, Home Aesthetic Device","초음파 홈케어 디바이스 '울트라소닉 듀오' 자체 소비자 브랜드, 전용 부스터젤·마스크팩 동반 판매하는 가정용 뷰티 기기."
315,Tier B,㈜상떼화장품,더마,medium,borderline,Y,C,C-O01,drsantecosmetics@gmail.com,https://santecosmetic.co.kr,,임상 기반 전문 에스테틱 브랜드 제품을 직접 기획·제조·유통하나 에스테틱 전문가 채널 중심이라 소비자 인플 마케팅 적합성 조건부.
212,Tier B,주식회사 에스테르,스킨케어,low,borderline,Y,C,C-P06,,,"Skin Care, Body Care, Facial Masks, Brands/Manufacturer(Skin Care), Brands/Manufacturer(Hair Care), Brands/Manufacturer(Bath & Body Care), Hair Care Products",desc 비어 근거 부족하나 category에 Brands/Manufacturer(Skin/Hair/Body) 표기로 자체 브랜드 보유 보수 추정.
151,Tier B,KPCOS,스킨케어,high,oem_with_brand|export,Y,C,C-P36,kyulgoun@kyulgoun.com,https://kpcos.com,"Skin Care, Natural & Organic Cosmetics, Facial Masks, Contract Manufacturing(OEM/ODM), Others","OEM/ODM 수탁 위주이나 desc에 자체 브랜드 GLAMFOX 제조·유통·수출 명시, 수출형이라 국내 인플 의향 확인 필요한 조건부."
250,Tier B,(주)제이지에스헬스큐어,스킨케어,low,borderline,Y,C,C-Q04,jgshealthcure@gmail.com,https://mayyoung.kr,"Skin Care, Hair Care Products",스킨케어·헤어 카테고리에 mayyoung.kr 자사몰 도메인 보유로 자사브랜드 추정되나 desc가 추상적 슬로건뿐이라 사업실체 확인 필요.
433,Tier B,이지템,홈디바이스,high,device,Y,C,C-R05,sales@easytem.co.kr,https://www.easytem.co.kr/,"Brands/Manufacturer(Medical & Beauty Equipment), Home Aesthetic Device",모공케어·흡수개선 홈 뷰티테크 디바이스를 자체 개발·제조하는 소비자 브랜드로 가정용 뷰티 기기 보유.
414,Tier B,(주) 엠디무역,헤어,medium,borderline|export,Y,C,C-R19,mdtrad@naver.com,https://www.mdwig.co.kr/,Hair Extension and Wig,자체 공장 생산 프리미엄 통가발·붙임머리에 자사몰(MDWIG) 보유하나 차홍·준오 등 헤어살롱 B2B 공급이 주력.
214,Tier B,주식회사 에이디솔루션,더마,high,,Y,L,L-A02,adsolution52@naver.com,http://www.adsolutionkorea.com,"Skin Care, Cosmeceutical Products, Derma Cosmetics","아토피 경험 기반 민감·문제성 피부 전문 스킨케어, 아토패스트·배리어리페어밤 자체 라인 소비자 리뷰 다수."
77,Tier B,(주)코윈바이오,더마,medium,oem_with_brand|borderline,Y,L,L-A11,mesablue@kowinbio.co.kr,https://en.mesabluestore.com/,"Skin Care, Derma Cosmetics, Cleansing Products, Contract Manufacturing(OEM/ODM)","원료 B2B 공급 병행이나 자체 더마 브랜드 '메사블루' 보유, 일상 홈케어 적합 명시·자사몰(mesabluestore)·크라우드펀딩 검증으로 소비자 브랜드 인정."
294,Tier B,킨뮬러,더마,high,indie,Y,L,L-B01,beauty@kinmula.com,https://kinmula.com/,"Cosmeceutical Products, Derma Cosmetics",세럼·아이크림·보습크림을 한 병에 응축한 항노화 올인원 더마 자사 제품을 소비자에게 전개하는 신생 브랜드.
272,Tier B,"HANJINEYMAY CO.,LTD",스킨케어,medium,borderline|export,Y,L,L-B02,,,Skin Care,자사 브랜드 3개 보유하나 핵심이 피부관리샵 운영자 대상 전문가용 프로그램 공급이라 소비자향 D2C 비중 불명확.
261,Tier B,FACE FACTORY,홈디바이스,low,device|borderline,Y,L,L-B23,global@cubist.co.kr,https://www.face-factory.com/,"Skin Care, Home Aesthetic Device",'Medical Grade Devices - Homecare solution'으로 가정용 디바이스 브랜드 시사하나 desc가 한 줄뿐이라 소비자 브랜드성 근거 빈약. (검증변경)
483,Tier B,(주)뷰티앤팩토리,더마,medium,export|borderline,Y,L,L-C01,global@beautynfactory.com,https://beautynfactory.com/,"Skin Care, Body Care, Derma Cosmetics, Facial Masks, Cleansing Products, Hair Care Products, Scalp Care Products",자사 민감성 더마 브랜드 Dr.DERMAel 보유하나 12개국 유통·글로벌 바이어/마케팅 중심이라 국내 인플 의향 불명확.
382,Tier B,(주)시카젠,더마,medium,borderline|indie|oem_with_brand,Y,L,L-D01,cicagen@cicagen.com,https://en.cicagen.com/,"Skin Care, Derma Cosmetics, Natural & Organic Cosmetics, Contract Manufacturing(OEM/ODM)",OEM/ODM 태그가 있으나 desc는 독자 CALS 공정으로 만든 프레시 Cica 90% 앰플·크림 자체 제품을 직접 선보인다고 명시한 병풀 더마 스킨케어 브랜드.
475,Tier B,Bodycare Lab,홈디바이스,high,device,Y,L,L-E05,contact@bcl.kr,http://www.bcl.kr,"Skin Care, Derma Cosmetics, Home Aesthetic Device",자체 브랜드 DOSIÉ 홈케어 디바이스·스킨케어와 AI 피부분석앱 VITNA 운영하는 소비자 가정용 뷰티 디바이스 브랜드.
263,Tier B,주식회사 텍스코,바디,high,,Y,L,L-G07,somsajang@texkor.com,https://www.somsajang.co.kr,"Cleansing Products, Brands/Manufacturer(Skin Care), Brands/Manufacturer(Medical & Beauty Equipment)",코튼 기계 수출이 본업이나 자체 기술로 만든 소비자 완제품 자사 브랜드 '솜사장 클렌징패드'를 보유(사이트도 somsajang.co.kr).
29,제외,InterCHARM Korea,,high,,,,,,,"Skin Care, Make up and Color Cosmetics, Body Care, Cosmeceutical Products, Derma Cosmetics, Natural & Organic Cosmetics, Facial Masks, Men’s Care, Perfumery, Cleansing Products, Inner Beauty, Accessories & Toiletries, Others, Contract Manufacturing(OEM/ODM), Contract Manufacturing(Packing,Containers,etc.), Brands/Manufacturer(Skin Care), Brands/Manufacturer(Make up), Brands/Manufacturer(Hair Care), Brands/Manufacturer(Bath & Body Care), Brands/Manufacturer(Medical & Beauty Equipment), Brands/Manufacturer(Nail/Eyelash/Waxing), Brands/Manufacturer (Tools/Accessories), Others, Hair Care Products, Scalp Care Products, Hair Coloring and Bleaching Products, Hair Styling Products, Hair Extension and Wig, Hair Device, Hair Tools(Brushes, Combs, Scissors, etc.), Equipment and Products for Professional Hair Salon, Others, Thread Lifts and Fillers, Laser/IPL/RF/Multi, Skin/Body Diagnosis Equipment, Home Aesthetic Device, Slimming Massage, Peeling, Others, Nail Polish/Gel Nail Polish, Nail Parts, Nail Accessories, Nail Tools/Equipment, Others, Eyelash Products, Eyelash Extensions, Semi Permanent, Products, Waxing Products, Accessories, Others, Others, Distribution, Education, Marketing","전시회 주최 측 더미 항목으로 모든 카테고리 나열, 실제 화장품 회사 아님."
192,제외,TUOCHENG EXHIBITION,,low,,Y,"1,
2,
3,
4,
5,
6,
7,
8,
9,
10,
11,
12,
13,
14,
15,
16,
17,
18,
19,
20,
21,
22,
23,
24,
25,
26
More stands","1,
2,
3,
4,
5,
6,
7,
8,
9,
10,
11,
12,
13,
14,
15,
16,
17,
18,
19,
20,
21,
22,
23,
24,
25,
26
More stands",,,,"desc 비어있고 사명상 전시·박람회 서비스 업체로 추정, 뷰티 소비자 브랜드 아님."
57,제외,(주)와이셀바이오메디칼,,high,export,,A,A-A06,info@ycellbio.com,http://www.ycellbio.com,"Skin Care, Facial Masks, Hair Device, Home Aesthetic Device","PRP 세포재생 치료 전문 의료기기 회사(국내 PRP 점유율 1위), 소비자 뷰티 브랜드 아님."
41,제외,(주)씨피코스메틱,,medium,export,Y,A,A-A07,jamessohn@cpcosmetic.co.kr,https://formulier.co.kr/,Natural & Organic Cosmetics,R&D 기반으로 3000여 스킨케어 처방을 개발·수출하는 제형 개발사로 자체 소비자 브랜드·D2C 언급 없음(formulier는 ODM 사이트).
3,제외,(주) 삼인케미칼,,high,,,A,A-A09,samin@kita.net,http://www.saminkorea.com,"Hair Care Products, Equipment and Products for Professional Hair Salon, Others",식품첨가물·헤어케어 원료(Ellaplex 등) 제조 공급사로 자체 소비자 브랜드 없음.
355,제외,에시컬코리아 코스메틱 (EK COS),,high,,,A,A-A10,butiq99@naver.com,http://www.instragram.com/ethicalkorea,"Skin Care, Make up and Color Cosmetics, Contract Manufacturing(OEM/ODM)",OEM/ODM 맞춤형 제품개발·규제대응 지원하는 제조 파트너로 자체 소비자 브랜드 없음.
50,제외,(주)에스엠지유럽,,high,,,A,A-A14,info@smgkorea.or.kr,https://youtu.be/iIv5q-pIwT4,Others,"인증·클린룸 밸리데이션 등 의료기기 기업 인증서비스 제공 B2B, 소비자 브랜드 없음."
394,제외,아이셀메디텍,,medium,borderline|device,Y,A,A-A16,www.icelmedi@naver.com,http://www.icelmedi.com,"Skin Care, Cosmeceutical Products, Contract Manufacturing(OEM/ODM), Scalp Care Products, Others",desc가 뷰티 디바이스·메디컬 제품·에스테틱 통합교육 중심 B2B(OEM/ODM 포함)로 소비자 직판 자체 브랜드 언급 없음.
68,제외,휴비스랩,,medium,borderline,Y,A,A-A22,info@hubislab.com,https://hubislab.com/,"Skin Care, Cosmeceutical Products, Derma Cosmetics, Facial Masks, Cleansing Products, Home Aesthetic Device",desc가 에스테틱 클리닉·살롱·스파·뷰티스쿨 전용 프로 브랜드라고 명시하고 소비자 리테일·D2C 언급이 전혀 없어 B2B 전문가 채널 브랜드로 판단(검증변경).
227,제외,(주)원웨이랩,,high,device,,A,A-B31,sales@onewaylab.kr,https://www.onewaylab.kr/,"Brands/Manufacturer(Bath & Body Care), Brands/Manufacturer(Medical & Beauty Equipment), Home Aesthetic Device, Slimming Massage","고주파·초음파 미용기기 제조사로 에스테틱·클리닉 대상 B2B 판매, 소비자 브랜드 없음."
234,제외,MEDI SECTION NO.,,medium,,Y,A,A-B32,global@inot-meditech.com,https://www.inot-meditech.com/,"Skin Care, Cosmeceutical Products, Contract Manufacturing(OEM/ODM), Brands/Manufacturer(Skin Care)","INOT은 1,000여 병원에 7,000개 제품을 공급하는 의료기기 제조·수입·유통사로 MEDISECTION No. 화장품도 병원·B2B 의료 채널 중심이라 소비자 브랜드 아님."
141,제외,"HUASHUO PACKAGING MATERIALS CO.,LTD",,high,,,A,A-B37,949229906@qq.com,https://shop1447931540635.168.com,"Contract Manufacturing(Packing,Containers,etc.)","플라스틱 패키징(펌프·스프레이어) 제조 전문, 부자재 공급사로 자체 소비자 브랜드 없음."
269,제외,플래닛147,,high,,,A,"A-B43,
C-N56",planit147@kolmar.co.kr,https://www.planit147.com/?lang=en,"Skin Care, Make up and Color Cosmetics, Body Care, Derma Cosmetics, Facial Masks, Contract Manufacturing(OEM/ODM), Brands/Manufacturer(Make up)","콜마코리아의 브랜드 인큐베이션 플랫폼·ODM 서비스로 창업자 지원, 자사 소비자 완제품 브랜드 아님."
70,제외,(주) 진코스텍,,low,borderline|export,Y,A,A-B46,lsw@jincostech.com,https://link.inpock.co.kr/amocosplus,"Skin Care, Body Care, Derma Cosmetics, Facial Masks, Contract Manufacturing(OEM/ODM), Brands/Manufacturer(Skin Care)","desc는 하이드로겔 1억개 수출·DDS 제형기술 등 제조·수출만 언급하고 자체 소비자 브랜드 서술 전무, 인포크 링크는 근거 약함(검증변경)."
339,제외,DESIGN HANA,,high,,,A,A-C01,design_hana_@naver.com,,Others,화장품 용기·패키징 부자재 공급 전문으로 자체 소비자 브랜드 없음.
56,제외,(주)온궁,,high,export,,A,A-C36,leesanghoong@naver.com,https://www.need-on.com,"Skin Care, Body Care, Natural & Organic Cosmetics, Facial Masks, Cleansing Products, Contract Manufacturing(OEM/ODM), Brands/Manufacturer(Skin Care), Brands/Manufacturer(Bath & Body Care), Brands/Manufacturer(Nail/Eyelash/Waxing)","스파·입욕제 전문 OEM/ODM 제조기업, 온천수 처방으로 제품 개발하나 자체 소비자 브랜드 없음."
286,제외,"Caregen Co., Ltd.",,high,export,,A,A-D11,sales@caregen.co.kr,http://caregen.co.kr/eng/,"Skin Care, Cosmeceutical Products, Derma Cosmetics, Facial Masks, Contract Manufacturing(OEM/ODM), Hair Care Products, Scalp Care Products, Others","펩타이드 바이오 상장사로 원료·특허·코스메슈티컬 B2B 중심, 자사 소비자 브랜드 없음."
416,제외,(주)오래온라이프사이언스,,high,,,A,A-D23,hero@oreon.co.kr,,"Skin Care, Derma Cosmetics, Facial Masks, Contract Manufacturing(OEM/ODM), Brands/Manufacturer(Skin Care), Thread Lifts and Fillers",HA 필러·리프팅 실 등 미용의료기기 개발·제조사로 소비자 브랜드 아님.
381,제외,스턴메디칼,,high,,,A,A-D31,bjpark@mediforet.com,https://stunmedical.kr/,,스킨부스터·필러 등 미용의료기기 OEM 제조 및 수출 100% B2B 회사로 자체 소비자 브랜드 없음.
9,제외,더마밀,,high,,,A,A-E37,sales@dermameal.com,http://dermameal.com/,,화장품 수탁제조(OEM/ODM) 전문으로 자체 소비자 브랜드 없음.
487,제외,주식회사 셀락바이오,,low,borderline,Y,A,A-E41,,,,"desc·website·category 모두 비어 있어 소비자 브랜드 확인 불가, 보수적 제외."
351,제외,샤허코리아,,high,,,A,A-E48,msr9882@naver.com,https://www.xiaheyw.com,Others,단상자·박스·파우치 등 인쇄·패키징 부자재 제조사로 자체 소비자 브랜드 없음.
87,제외,(주)휴먼피부임상시험센터,,high,,,A,A-F11,skin@humantest.co.kr,https://www.humantest.co.kr/,,"화장품·미용기기 인체적용시험 전문기관(B2B 서비스), 소비자 브랜드 없음."
463,제외,주식회사 레드바이오컴퍼니,,medium,oem_with_brand|export,Y,A,A-F31,info@redbiocp.com,https://www.redbiocp.com,"Skin Care, Derma Cosmetics, Facial Masks, Contract Manufacturing(OEM/ODM), Scalp Care Products, Thread Lifts and Fillers, Others","지방분해·스킨부스터·보툴리눔·필러·엑소좀 등 의료미용 제품과 OEM/ODM 중심, HYALSKIN은 시술계열 독자브랜드로 소비자완제품 근거 없음."
404,제외,에이치앤비바이오,,high,,,A,A-F32,info@hnbbio.co.kr,https://www.hnbbio.co.kr,"Skin Care, Facial Masks, Cleansing Products, Contract Manufacturing(OEM/ODM), Brands/Manufacturer(Skin Care)",시트마스크·토너 등 스킨케어 OEM/ODM 수탁제조사로 자체 소비자 브랜드 없음.
36,제외,씨메드,,high,,,A,A-F41,cmedemi@naver.com,http://www.cmed.co.kr,"Skin Care, Body Care, Derma Cosmetics, Facial Masks, Cleansing Products, Contract Manufacturing(OEM/ODM), Brands/Manufacturer(Skin Care), Brands/Manufacturer(Make up), Brands/Manufacturer(Hair Care), Brands/Manufacturer(Bath & Body Care), Brands/Manufacturer(Medical & Beauty Equipment), Home Aesthetic Device","OEM/ODM/OBM 글로벌 프리미엄 화장품 제조 파트너, 25개국 브랜드 협업 수탁제조 중심."
82,제외,(주)프리모리스인터내셔널,,medium,borderline,Y,A,A-F46,hnkim@primoris.co.kr,https://primorisintl.com/,"Skin Care, Cosmeceutical Products, Derma Cosmetics",엑소좀 줄기세포 원천기술·국제특허·R&D 클러스터 중심 바이오 기업으로 원료~코스메틱 언급뿐 자사 소비자 브랜드명·판매채널 근거 없음.
500,제외,팜스비앤비,,high,,Y,A,A-G21,alice@pamsbnb.com,https://www.pamseshop.co.kr,"Skin Care, Contract Manufacturing(OEM/ODM)",23년간 전문 에스테틱·피부과 클리닉에 스킨케어를 공급하는 B2B 프로페셔널 채널 전용이며 자체 소비자 브랜드·D2C 언급이 전무함.
81,제외,프랜드,,high,,,A,A-G26,pland1590@naver.com,http://pland-pure.com/en/,"Skin Care, Facial Masks, Cleansing Products, Contract Manufacturing(OEM/ODM), Brands/Manufacturer(Skin Care)","화장품 소재(원료)·OEM/ODM R&D 전문기업으로 고객사 생산 대행만 언급, 자체 소비자 브랜드 없음."
144,제외,"HUNAN MEIRI JIEBAO NON-WOVEN FABRIC CO.,LTD",,high,,,A,A-G41,xh.van@mrjebmask.com,https://mp.weixin.qq.com/s/ANYJYU16aCrQAp7uRMDaXA,"Contract Manufacturing(Packing,Containers,etc.)",마스크팩 원단·부직포 R&D·생산 전문 소재 공급사로 자체 소비자 브랜드 없음.
183,제외,"SHENZHEN XIANSU TECHNOLOGY CO., LTD.",,high,,,A,A-G42,787835542@qq.com,https://www.xiansuplastic.com/,"Contract Manufacturing(OEM/ODM), Contract Manufacturing(Packing,Containers,etc.)",립스틱 튜브·쿠션 케이스 등 화장품 용기 OEM/ODM 제조사로 소비자 브랜드 없음.
177,제외,"SHANTOU LIKE PLASTIC CO.,LTD.",,low,,Y,A,A-G43,,,,"desc 없음, 사명에 Plastic으로 보아 플라스틱 용기·부자재 제조사로 보수적 추정, 자사 소비자 브랜드 없음."
164,제외,"NINGBO OUHUAN CONTAINER CO., LTD",,low,,Y,A,A-G46,,,,"desc 없음, 사명에 Container로 보아 용기 제조사로 보수적 추정, 자사 소비자 브랜드 없음."
95,제외,"BOSHING MOULD&PLASTIC (ZHU HAI)CO.,LTD.",,high,,,A,A-G47,Jacky@zhbaoli.com,https://en.zhuhaibaoli.com,"Contract Manufacturing(OEM/ODM), Contract Manufacturing(Packing,Containers,etc.), Brands/Manufacturer (Tools/Accessories)","플라스틱 금형·펌프·용기 부자재 제조 수출기업, 소비자 브랜드 없음."
304,제외,"YUYAO RUIZI COMMODITY PACKAGING CO.,LTD",,low,borderline,Y,A,A-G48,,,,"desc·website 모두 비어있으나 사명에 Commodity Packaging 명시, 화장품 패키징 공급사로 추정되어 자사 소비자 브랜드 없음."
321,제외,경북IT융합기술원,,low,,Y,A,"A-H01,
A-I06,
A-I03,
A-I01,
A-I08,
A-I07,
A-I02",,,,"desc·website 전무, 명칭상 경북 IT융합 기술원으로 공공·연구기관이며 소비자 뷰티 브랜드 아님."
241,제외,주식회사 정훈 / J COP KOREA,,high,,,A,A-H13,nicejeonghun@hanmail.net,http://www.jcopkorea.com/,"Contract Manufacturing(OEM/ODM), Contract Manufacturing(Packing,Containers,etc.)",1990년 설립 화장품 패키징 전문 OEM/ODM 기업으로 부자재·용기 공급만 하며 자체 소비자 브랜드 없음.
223,제외,THESERA,,high,,Y,A,A-H18,mrinno@mrinno.com,http://www.thesera.co.kr,"Skin Care, Body Care, Cosmeceutical Products, Facial Masks, Men’s Care, Cleansing Products, Others","desc가 '전문가용 화장품 브랜드', 비침습 리프팅·스피큘 재생 등 에스테틱 시술 프로그램과 65개국 전문가 양성 중심이라 일반 소비자 D2C 브랜드 아님."
185,제외,(주)스킨솔루션,,high,,Y,A,A-H22,naluke@naver.com,http://www.skinsolution.co.kr,"Skin Care, Cosmeceutical Products, Facial Masks, Accessories & Toiletries, Contract Manufacturing(OEM/ODM), Brands/Manufacturer(Skin Care)","desc에서 스스로 '기술 기반 소재 기업', 자동화 대량생산 공정·소모품 공급으로 자처, 하이드로콜로이드 패치 OEM·소재 사업으로 자체 소비자 브랜드 없음."
53,제외,(주)에프에스코리아,,high,export,,A,A-H26,news.sales@fskorea.com,http://www.fskorea.com/,"Contract Manufacturing(OEM/ODM), Contract Manufacturing(Packing,Containers,etc.), Brands/Manufacturer (Tools/Accessories)","1988년 설립 글로벌 브랜드에 고품질 제품 공급하는 OEM/ODM·툴/액세서리 제조사, 소비자 브랜드 없음."
45,제외,(주)아크메디코리아,,high,export,,A,A-H31,sales@acmedikorea.com,http://www.acmedikorea.com/,"Cosmeceutical Products, Derma Cosmetics, Facial Masks, Contract Manufacturing(OEM/ODM), Brands/Manufacturer(Medical & Beauty Equipment), Thread Lifts and Fillers, Home Aesthetic Device","클리닉·병원 대상 에스테틱/더마 의료제품 제조·수출사(필러·실리프팅), 소비자 자사 브랜드 아님."
488,제외,셀아이콘랩,,medium,,Y,A,A-H32,,,"Derma Cosmetics, Brands/Manufacturer(Medical & Beauty Equipment)",펩타이드 기반 메디컬 에스테틱 스킨부스터(SenoXell) 시술 솔루션으로 소비자 완제품 브랜드 아님.
440,제외,욜리 메이크업툴,,high,,,A,A-H36,onggijonggi_cp@naver.com,https://www.yolybrush.com/,Others,"메이크업 브러시·퍼프 글로벌 OEM/ODM 수탁제조사로 100개 브랜드에 공급, 자체 소비자 브랜드 없음."
133,제외,"HAIFENG PACKAGING CO., LTD.",,high,export,,A,A-H41,,,"Contract Manufacturing(Packing,Containers,etc.)","몰드 개발·자동조립 설비 기반 패키징 제조 공장(유럽·미주 수출), 소비자 브랜드 없음."
112,제외,"FOSHAN JIEMINGYI PACKAGING MATERIALS CO., LTD",,high,,,A,A-H42,370975349@qq.com,,"Contract Manufacturing(Packing,Containers,etc.)",인쇄·패키징 자재 전문 제조사(종이상자 등). 자사 소비자 브랜드 없음.
127,제외,"GUANGZHOU LVFANGZHOU INDUSTRIAL CO.,LTD",,high,,,A,A-H43,lvfangzhou@126.com,https://www.lfz-nonwoven.com,Contract Manufacturing(OEM/ODM),"마스크시트 원단·부직포 소재 OEM 제조(500+ OEM·3000+ 브랜드 납품), 소재공급으로 소비자 브랜드 없음."
190,제외,"TINDA (GUANGZHOU) PLASTIC CO., LTD",,low,,Y,A,A-H46,,,,"desc·website 비어있고 사명이 광저우 플라스틱 제조사로 패키징·용기 제조사로 추정, 소비자 브랜드 없음."
129,제외,"GUANGZHOU TOCHISING PACKAGING PRODUCTS CO., LTD.",,low,borderline,Y,A,A-H47,627887495@qq.com,http://www.tochising.cn/,Others,"desc 비어있고 웹사이트 접속불가, 사명이 PACKAGING PRODUCTS로 용기/패키징 제조사라 자체 소비자 브랜드 없어 제외."
308,제외,"ZHEJIANG MGPACK CO., LTD.",,low,borderline,Y,A,A-H48,,,,"desc·website 모두 비어있으나 사명에 Pack 명시, 패키징 업체로 추정되어 자사 소비자 브랜드 없음."
508,제외,한방미인화장품 HBMIC,,high,,,A,A-I03,hbmic@hbmic.com,https://www.hbmic.com/default/,"Skin Care, Body Care, Cleansing Products, Contract Manufacturing(OEM/ODM)","스킨·헤어케어 OEM/ODM 전문 제조업체로 맞춤형 수탁 생산 서비스 제공, 자체 소비자 브랜드 없음."
328,제외,MELKA,,medium,,Y,A,A-I07,woojinkim88@daum.net,https://thedameul.co.kr/,"Skin Care, Contract Manufacturing(OEM/ODM), Brands/Manufacturer(Skin Care)",고기능 성분 처방을 개발하나 유통채널 기반 기획의 시장지향 개발사(OEM/ODM)로 자체 소비자 브랜드 판매 근거 없음.
363,제외,봄텍전자,,medium,device,,A,A-I13,bomtech@bomtech.net,https://www.bomtech.net,"Brands/Manufacturer(Medical & Beauty Equipment), Laser/IPL/RF/Multi, Skin/Body Diagnosis Equipment, Home Aesthetic Device, Semi Permanent","레이저·IPL·진단기·반영구 등 의료·뷰티 장비 제조사, 70개국 수출 B2B 기기 중심으로 소비자 자체 브랜드 아님."
407,제외,에이치제이코퍼레이션즈 주식회사,,low,borderline,Y,A,A-I18,hjcorporations@gmail.com,https://www.hjcorporations.kr/,"Derma Cosmetics, Others, Contract Manufacturing(OEM/ODM)","desc가 다분야 솔루션·매출만 언급하고 카테고리에 OEM/ODM 포함, 자체 소비자 브랜드 근거 없음."
256,제외,주식회사 케이원파마,,high,,,A,A-I26,konepharma@konepharma.co.kr,https://konepharma.co.kr/,,파트너 네트워크 통해 의약품·의료기기·뷰티 제품을 공급하는 유통상으로 자체 소비자 브랜드 없음.
2,제외,(주) 네오제네시스,,high,,,A,A-I31,info@neogenesis.co.kr,http://www.neotox-cn.com,"Skin Care, Derma Cosmetics, Facial Masks, Thread Lifts and Fillers, Distribution",자가유래 세포치료 의료기기 개발·공급 전문으로 소비자 뷰티 브랜드 아님.
100,제외,"Daisho Co., Ltd.",,high,,,A,A-I32,,https://www.daisho-g.co.jp/index.html,"Contract Manufacturing(Packing,Containers,etc.)",유리·플라스틱 용기 제조/판매 기업으로 화장품 등 패키징 공급. 자사 소비자 브랜드 없음.
346,제외,에코문도 코리아,,high,,,A,A-I36,korea@ecomundo.eu,https://kr.ecomundo.eu,Others,글로벌 화장품 규제 컨설팅(CPNP·MoCRA 등) 전문 B2B 서비스기업으로 소비자 브랜드 없음.
149,제외,"K.BEAUTY ACCESSORY CO.,LTD",,high,,,A,A-I37,sunjing@k.beautychina.com,http://www.kbeautychina.com/,Brands/Manufacturer (Tools/Accessories),"뷰티 툴 OEM/ODM 수탁 제조 전문, 글로벌 브랜드 대행으로 자체 소비자 브랜드 없음."
118,제외,"GUANGDONG SHENGWEI GLASS TECHNOLOGY CO.,LTD",,high,,,A,A-I41,candylee@shengweiglass.com,https://shengweiglass.com/,"Contract Manufacturing(Packing,Containers,etc.)",화장품 1차 패키징(유리병) 전문 제조사. 자사 소비자 브랜드 없음.
104,제외,"DONGYANG OMI PLASTIC TECHNOLOGY CO., LTD",,high,,,A,A-I42,director@ominatural.com,https://www.ominatural.com,"Contract Manufacturing(Packing,Containers,etc.)","화장품 패키징 전문 제조사(사출·블로잉), 글로벌 브랜드 대상 수탁. 자사 소비자 브랜드 없음."
165,제외,"NINGBO SENG CZE MACROSPRAY CO.,LTD.",,high,,,A,A-I46,market@sengcze.com,https://www.sengcze.com/,"Contract Manufacturing(Packing,Containers,etc.)",트리거 스프레이·펌프·미스트 스프레이어 등 부자재 제조사로 자사 소비자 브랜드 없음.
182,제외,"Shenzhen C&D Electronics Co., Ltd.",,high,device,,A,A-I47,yongbin@cn-cdrc.com,https://cd88.en.alibaba.com/,Brands/Manufacturer(Medical & Beauty Equipment),글로벌 홈뷰티 디바이스 브랜드의 수탁 제조 파트너(OEM)로 자체 소비자 브랜드 없음.
147,제외,JDN CORPORATION LIMITED,,low,,Y,A,A-I48,,,,"desc·category·website 모두 비어있고 사명도 사업 단서 없는 일반 법인명, 판단 근거 없어 보수적 제외."
438,제외,재단법인 부산테크노파크,,high,,,A,A-J01,,,,부산 산업진흥 공공 재단법인으로 자체 소비자 브랜드가 없는 공공 지원기관.
439,제외,제너랩,,low,borderline,Y,A,A-J01,,,,category·website·desc가 모두 비어 있어 뷰티 소비자 브랜드 보유 근거가 없어 보수적으로 제외.
218,제외,주식회사 에코마인,,low,borderline,Y,A,A-J03,,,,"category·website·desc 모두 비어 사업 판단 불가, 정보 부재로 보수 제외."
495,제외,주식회사 쎄븐유,,medium,,Y,A,A-J07,wkksj0521@naver.com,https://www.sevenu.co.kr/,Others,에스테틱·병의원용 미용장비와 전문가용 스킨케어를 공급하는 B2B 토탈솔루션으로 소비자 브랜드 아님.
385,제외,실리스카(주),,medium,borderline,Y,A,A-J11,info@silisca.com,http://www.silisca.com,"Skin Care, Cosmeceutical Products, Derma Cosmetics",desc가 클리닉·에스테틱 전문가 대상 프로페셔널 스킨케어 포뮬러만 언급하고 소비자 D2C/리테일 채널이 없어 자사 소비자 브랜드 성격 부재.
403,제외,에이치알메디텍,,low,borderline,Y,A,A-J13,,,,desc·카테고리 전부 비어있고 사명상 메디텍(의료기기) 추정으로 소비자 브랜드 근거 없어 보수적 제외.
97,제외,CLASSIC PACKING LIMITED,,high,,,A,A-J27,1273897444@qq.com,,"Contract Manufacturing(OEM/ODM), Contract Manufacturing(Packing,Containers,etc.)","패키징·용기 OEM/ODM 제조사(사명·category 포장), 소비자 브랜드 없음."
301,제외,YUHENG PLASTIC,,high,,,A,A-J32,chenxiuping@yh-packing.cn,https://www.yuhengpackage.com/,"Contract Manufacturing(OEM/ODM), Contract Manufacturing(Packing,Containers,etc.)",PET/PETG/HDPE 병·캡·펌프·튜브 등 화장품 패키징 제조사로 자체 소비자 브랜드 없음.
66,제외,(주)제이티,,high,,,A,A-J36,contact@jtcosmetic.com,https://jtcosmetics.imweb.me/,"Skin Care, Facial Masks, Cleansing Products, Contract Manufacturing(OEM/ODM), Brands/Manufacturer(Skin Care), Others","하이드로겔 전문 ODM/OEM 수탁제조사로 고객 브랜드용 제조만 제공, 자체 소비자 브랜드 없음."
49,제외,(주)에스엠에코랩,,low,borderline,Y,A,A-J37,,,,"category·website·desc 모두 비어 있어 사업 확인 불가, 보수적으로 제외."
310,제외,"ZHONGSHAN RONOVA PLASTIC CO., LTD",,high,,,A,A-J41,sales-01@ronova.com.cn,http://www.ronova.com.cn,Others,화장품 패키징 제조사(금형·사출·표면처리·인쇄)로 자체 소비자 브랜드 없음.
124,제외,"GUANGZHOU LEJIAHONG PACKAGING CO., LTD.",,low,borderline,Y,A,A-J42,,,,"desc 비어있음, 사명에 PACKAGING 명시·광저우 패키징 클러스터 소속으로 자체 소비자 브랜드 없는 부자재/용기 업체로 판단해 제외."
307,제외,"ZHEJIANG HAITONG PLASTIC INDUSTRY TECHNOLOGY CO., LTD.",,high,,,A,A-J43,18857568397@163.com,https://www.haitongpack.com/,"Contract Manufacturing(Packing,Containers,etc.)",화장품 패키징 소재 제조(R&D·금형·사출·핫스탬핑) 전문으로 자체 소비자 브랜드 없음.
188,제외,"TAIZHOU HUADI ELECTRIC CO.,LTD",,medium,,,A,A-J46,info@huadicn.com,http://www.huadicn.com/,Brands/Manufacturer (Tools/Accessories),"전기 제품 제조사로 품질·가격만 언급, 자체 뷰티 소비자 브랜드 근거 없음."
176,제외,"SHAANXI FAIRIR BIOTECH CO.,LTD",,low,,Y,A,A-J47,,,,"desc 없음, 사명에 Biotech로 보아 원료·바이오 공급사로 보수적 추정, 자사 소비자 브랜드 없음."
111,제외,"FOSHAN E-HONG HARDWARE PACKING CO., LTD.",,medium,,,A,A-J48,,,,사명이 패킹(부자재·용기) 업체이며 desc 비어있음. 패키징 공급으로 추정.
413,제외,엘피지오,,high,,,A,A-K01,jhlee@lphysio.co.kr,https://www.lphysio.co.kr,"Laser/IPL/RF/Multi, Skin/Body Diagnosis Equipment, Slimming Massage",에스테틱 전문가용 극초단파 페이스·바디 장비 공급기업으로 소비자 브랜드 아님.
143,제외,HUIHONG PACKAGING COMPANY,,high,,,A,A-K31,leo@huihongpackaging.com,https://www.huihongpackaging.com/,Contract Manufacturing(OEM/ODM),"P&G·유니레버 협력 튜브·병·캡 제조사, 부자재 공급 전문으로 자체 소비자 브랜드 없음."
195,제외,WES Worldwide Expo Services (H.K.) Ltd.,,medium,,,A,"A-K31,
A-K32,
A-K36,
A-K37,
A-K41,
A-K42,
A-K46,
A-K47,
A-K48,
A-L31
More stands",,,,사명상 전시 서비스 업체로 자체 뷰티 소비자 브랜드 없음.
189,제외,Talents Packing Technology Limited,,high,,,A,A-K32,sales9@talentsgroup.com.cn,http://www.talentsgroup.com.cn/,"Contract Manufacturing(OEM/ODM), Contract Manufacturing(Packing,Containers,etc.)",폼·로션·스프레이 펌프와 보틀 제조 B2B 패키징사로 소비자 브랜드 없음.
159,제외,"Majesty Packaging Co., Ltd.",,high,,,A,A-K36,info@mj-pkg.com,https://www.mj-pkg.com/,"Contract Manufacturing(Packing,Containers,etc.)","화장품·퍼스널케어용 플라스틱 튜브 제조사로 OEM/ODM 공급, 자체 소비자 브랜드 없음."
155,제외,"LIFEPACK PLASTIC CO.,LTD",,high,,,A,A-K37,s3@zjlifepack.com,http://www.zjlifepack.com/,"Contract Manufacturing(OEM/ODM), Contract Manufacturing(Packing,Containers,etc.)",크림용기·로션병·쿠션케이스 등 화장품 용기 OEM/ODM 제조사로 자체 소비자 브랜드 없음.
198,제외,"Yaxi Daily Necessities Co.,Ltd",,high,,,A,A-K41,118183863@qq.com,https://gzaishi.en.alibaba.com/,Facial Masks,마스크용 부직포 베이스 원단 OEM/ODM 공급사로 자체 소비자 브랜드 없음.
99,제외,"Dachen Equipment Manufacturing Co., Ltd.",,high,,,A,A-K42,danche.1362251@gmail.com,https://www.dcpackequip.com/,Brands/Manufacturer(Medical & Beauty Equipment),"화장품 튜브·생산라인 자동화 설비 제조사(B2B 기계), 소비자 브랜드 없음."
172,제외,"QIJUNHONG PLASTIC PRODUCTS MANUFACTORY CO., LTD",,high,,,A,A-K46,wing@qjhpumps.com,https://www.qjhpumps.com/,"Contract Manufacturing(OEM/ODM), Hair Tools(Brushes, Combs, Scissors, etc.)",스프레이·플라스틱캡·로션펌프 등 부자재 제조사로 자사 소비자 브랜드 없음.
138,제외,"HONG KONG HUIBIDA INTERNATIONAL TRADE CO., LIMITED",,high,,,A,A-K47,business20@huibida.com,,"Contract Manufacturing(OEM/ODM), Contract Manufacturing(Packing,Containers,etc.)","화장품 기프트·향수 주변제품(병캡 등) 하드웨어 제조사, 부자재로 소비자 브랜드 없음."
174,제외,"RISE COSMETIC PACKAGING CO., LTD.",,high,,,A,A-K48,CEO@RISEPACK.COM,http://WWW.RISEPACK.COM,"Contract Manufacturing(OEM/ODM), Contract Manufacturing(Packing,Containers,etc.)",에어리스병·드로퍼·튜브 등 화장품 포장재 전문 제조사로 자사 소비자 브랜드 없음.
352,제외,메타폴라아로마(주),,high,,,A,A-L01,inform@orlic.co.kr,https://orlic.co.kr,Brands/Manufacturer(Skin Care),"클린뷰티·차별화 제형 R&D·OEM/ODM 제조 기업으로 글로벌 바이어 대상, 자체 소비자 브랜드 언급 없음."
512,제외,홈앤쇼핑,,low,,Y,A,A-L01,,,,desc·website 모두 비어있고 명칭상 홈쇼핑 유통 채널 사업자로 추정되어 자체 소비자 뷰티 브랜드 보유 근거가 없음.
290,제외,COSMOIM,,high,,,A,A-L21,,,Others,"화장품 용기·부자재·원료 소싱·OEM 공급망 B2B 무역사, 자사 소비자 브랜드 없음."
443,제외,(주)조에바이오,,high,,,A,A-L26,info@zoebio.co.kr,https://www.zoebio.co.kr/,"Skin Care, Cosmeceutical Products, Derma Cosmetics, Contract Manufacturing(OEM/ODM), Brands/Manufacturer(Medical & Beauty Equipment), Thread Lifts and Fillers","필러·스킨부스터·스킨케어 원료 제조 및 ODM/OEM 수출 중심, 자체 소비자 브랜드 없음."
109,제외,"Forever Packaging Products Co., Ltd",,medium,,,A,A-L31,f.sales.1@foreverpack.com.cn,http://www.foreverpkg.com,,사명이 패키징 제품사이고 파우더·립스틱 등 색조 패키징 품목 나열. 자사 소비자 브랜드 아님.
199,제외,YUANJI PLASTIC PRODUCTS CO LTD,,high,,,A,A-L32,394997302@qq.com,https://www.yuanjitube.com/,,화장품 플라스틱 튜브 제조·맞춤 인쇄 제공 패키징사로 소비자 브랜드 없음.
193,제외,UZONEPACKAGE,,high,,,A,A-L36,info@uzo-pak.com,http://www.uzo-pak.com,Contract Manufacturing(OEM/ODM),화장품 보틀·자·펌프 등 용기와 표면가공 OEM 제공 패키징사로 소비자 브랜드 없음.
302,제외,"Yuncheng Commodity Co.,Ltd",,high,,,A,A-L37,cece.fu@ycpackage.com,http://www.ycpackage.com,"Contract Manufacturing(OEM/ODM), Contract Manufacturing(Packing,Containers,etc.)",에어리스병·스프레이·펌프·화장품 용기 전문 제조사로 자체 소비자 브랜드 없음.
139,제외,HONGXIN INDUSTRIAL..LTD.,,high,,,A,A-L41,jenny.gzhongxin@foxmail.com,https://www.hongxinglobal.com/products_details/490.html,Contract Manufacturing(OEM/ODM),"화장품·의약품용 고품질 플라스틱 튜브 패키징 전문 제조, 부자재로 소비자 브랜드 없음."
136,제외,"HANHE PLASTIC INDUSTRY CO., LTD",,high,,,A,A-L42,joe@hanheplastic.com,https://www.zjplastics.com/,"Contract Manufacturing(OEM/ODM), Contract Manufacturing(Packing,Containers,etc.)","진공병(에어리스) 플라스틱 용기 제조, 부자재·용기로 소비자 브랜드 없음."
134,제외,"HAIJING PLASTIC INDUSTRY CO.,LTD.",,high,,,A,A-L43,hj002@hjpackaging.com,http://hjpackaging.en.alibaba.com,"Contract Manufacturing(OEM/ODM), Contract Manufacturing(Packing,Containers,etc.)","화장품 패키징(아크릴 진공병·크림병·로션병) 디자인·제조 기업, 부자재로 소비자 브랜드 없음."
150,제외,"KESIYU PACKAGING CO., LTD",,high,,,A,A-L46,raymond.zeng@kesiyu.cn,https://www.ksypackaging.com/,"Contract Manufacturing(OEM/ODM), Contract Manufacturing(Packing,Containers,etc.)",화장품 호스(튜브) R&D·생산·커스터마이징 전문 패키징사로 자체 소비자 브랜드 없음.
90,제외,BAICHANG HONG KONG INDUSTRY LIMITED,,high,device,,A,A-L47,tings@baichangkeji.com,https://www.baichangtech.com/,"Brands/Manufacturer(Medical & Beauty Equipment), Home Aesthetic Device","뷰티·미용기기 OEM/ODM 통합 서비스를 글로벌 브랜드 오너에 제공, 자체 소비자 브랜드 없음."
107,제외,Faye Craft Limited,,high,,,A,A-L48,80780301@qq.com,https://cnyueji.en.alibaba.com,Brands/Manufacturer(Medical & Beauty Equipment),세라믹 괄사 보드·마사저 제조 판매사(알리바바 도매). 자사 소비자 브랜드 아님.
80,제외,(주)톨리코리아,,low,borderline,Y,A,A-M01,,,,"category·website·desc 모두 비어 사업 정보가 전무, 자사 소비자 브랜드 근거 없어 보수적 제외(재검토 권장)."
122,제외,"GUANGZHOU HUAXIN PLASTIC PRODUCT CO.,TLD",,high,export,,A,A-M11,vivian@huaxin-tube.com,https://www.chinabeautypacking.com/,,화장품용 플라스틱 튜브·PET병 제조 수출업체로 자사 소비자 브랜드 없음.
171,제외,"QIANCAI PRINTING GUANGZHOU CO.,LTD",,low,,Y,A,A-M14,,,,"desc 없음, 사명에 Printing으로 보아 인쇄·패키징 업체로 보수적 추정, 자사 소비자 브랜드 없음."
126,제외,"GUANGZHOU LISSON PLASTIC CO.,LTD",,high,,,A,A-M16,lissontube@gzlisson.com,https://www.lissonpackaging.com,,"화장품 튜브·병 패키징 전문 제조기업, 부자재 공급으로 소비자 브랜드 없음."
116,제외,"GUANGDONG CANDEAR TECHNOLOGY INNOVATION CO.,LTD",,high,,,A,A-M19,,,"Skin Care, Make up and Color Cosmetics, Body Care, Men’s Care, Cleansing Products, Contract Manufacturing(OEM/ODM), Contract Manufacturing(Packing,Containers,etc.), Brands/Manufacturer(Skin Care), Brands/Manufacturer(Make up), Brands/Manufacturer(Bath & Body Care)",카테고리는 스킨케어 등 다수지만 desc는 플라스틱 금형·용기·캡 설계 제조. 자사 소비자 브랜드 없음.
191,제외,"TUBEST PACKING (GD) CO., LTD",,high,,,A,A-M21,,,Others,화장품 튜브 전문 제조사로 자체 소비자 브랜드 없는 패키징 B2B.
102,제외,"DINGSHENG(GUANGDONG) GLASS TECHNOLOGY CO., LTD.",,high,,,A,A-M24,cindy.dingshengpackaging@gmail.com,https://www.gzdsbottle.com,,유리병 패키징 전문 제조사. 자사 소비자 브랜드 없는 용기 공급업체.
96,제외,"CHUNJING GLASS PRODUCTS CO.,LTD",,high,,,A,A-M26,ada@chunjing.com,,"Contract Manufacturing(Packing,Containers,etc.)","하이엔드 화장품 유리 패키징 전문 제조사(용기 부자재), 소비자 브랜드 없음."
173,제외,REDFOXPACK TECHNOLOGY LTD.,,high,,,A,A-M29,,https://www.redfoxpack.com,"Skin Care, Make up and Color Cosmetics, Body Care, Men’s Care, Cleansing Products, Brands/Manufacturer(Skin Care), Brands/Manufacturer(Make up), Brands/Manufacturer(Hair Care), Brands/Manufacturer(Bath & Body Care)",화장품·퍼스널케어용 플라스틱 용기·튜브·병 포장 전문 제조사로 자사 소비자 브랜드 없음.
135,제외,"HANGZHOU JAMORE PACKAGING CO.,LTD",,high,,,A,A-M30,grace@jamore.com.cn,http://www.znmolips.com,,"화장품 패키징 토탈솔루션(디자인·몰드·양산) 업체, 수탁 공급으로 소비자 브랜드 없음."
170,제외,"PINYUAN PACKAGING TECHNOLOGY (GUANGZHOU) CO., LTD",,high,,,A,A-M31,13422131580@163.com,https://www.wechat.com/pinyuanpackage,"Skin Care, Make up and Color Cosmetics, Body Care, Cleansing Products, Brands/Manufacturer(Skin Care), Brands/Manufacturer(Make up), Brands/Manufacturer(Hair Care), Hair Care Products",화장품 튜브·라미네이트 소재 전문 포장재 제조사로 자사 소비자 브랜드 없음(카테고리 태그 부정확).
181,제외,"SHAOXING SHANGYU YASTAR PLASTIC CO., LTD.",,high,,,A,A-M32,zouyuehua_amy@126.com,https://shop65u2868rf7754.1688.com,,브랜드 고객사 대상 포장재 공급 B2B 제조사로 자사 소비자 브랜드 없음.
153,제외,LECOS,,low,,Y,A,A-M33,,,,desc·category·website 모두 비어있고 사명도 사업 단서 없어 판단 근거 없으므로 보수적 제외.
179,제외,"SHAOXING JINSHENG PLASTIC CO.,LTD",,high,,,A,A-M36,syjinsheng12@jsh-plastics.com,http://www.sy-jinsheng.com,"Contract Manufacturing(Packing,Containers,etc.)",하이엔드 화장품 브랜드 공급용 플라스틱 포장재(로션병·크림자·에어리스병) 전문 제조사로 자사 소비자 브랜드 없음.
93,제외,"BELLE CRAFT MANUFACTURING CO.,LTD.",,low,borderline,Y,A,A-M38,,,,"사명에 Manufacturing 포함·나머지 정보 전무로 수탁 제조사 추정, 자사 소비자 브랜드 근거 없어 보수적 제외."
437,제외,화성산업진흥원,,high,,,A,"A-N01,
A-N02,
A-N03,
A-N06,
A-N07,
A-N08",,,,화성시 산업진흥 공공기관(테크노파크급)으로 뷰티 소비자 브랜드가 아닌 B2B/공공 지원기관.
230,제외,WithsunBio,,medium,device,,A,A-N06,info@withsunbio.co.kr,http://withsunbio.co.kr,"Skin Care, Body Care, Brands/Manufacturer(Skin Care), Brands/Manufacturer(Hair Care), Brands/Manufacturer(Medical & Beauty Equipment), Scalp Care Products, Home Aesthetic Device, Others","근적외선 온열 에스테틱 장비(WIRAON) 전문으로 스파·트리트먼트용 B2B 기기, 소비자 브랜드 아님."
98,제외,코코스팩,,high,,,A,A-N08,smt@cocospack.com,http://cocospack.com/,Others,"뷰티 패키징 전문 기업으로 220여 브랜드에 용기 턴키 공급, 자체 소비자 브랜드 없음."
121,제외,"GUANGZHOU CITY JINGSHANG PLASTIC CONTAINER CO., LTD.",,high,,,A,A-N11,2980435004@qq.com,https://jsrq1688.m.en.alibaba.com/?spm,Others,"화장품 플라스틱 병/캡/프리폼 생산 공장, 부자재·용기 제조로 소비자 브랜드 없음."
123,제외,"GUANGZHOU HUAYU PLASTIC PRODUCTS CO., LTD.",,high,,,A,A-N13,jonathan@hypackco.com,https://eviabt.com/wp-content/uploads/2026/06/IMG_0256.jpg,"Contract Manufacturing(Packing,Containers,etc.)","화장품 패키징(병/용기/펌프/캡) 공급사 HYPACK, 브랜드 패키징 수탁 공급으로 소비자 브랜드 없음."
130,제외,"GUANGZHOU XINDE PACKAGING TECHNOLOGY CO., LTD.",,high,,,A,A-N14,xdbz1688@163.com,https://xdpack.com,"Skin Care, Body Care, Natural & Organic Cosmetics, Men’s Care, Cleansing Products, Accessories & Toiletries, Others, Hair Care Products, Scalp Care Products, Others",카테고리에 Skin Care 등 있으나 desc는 화장품 패키징 R&D·생산 전문으로 자사 소비자 브랜드 없음.
114,제외,"FOSHAN SHUNDE QUANYE PLASTICS CO., LTD",,high,,,A,A-N15,iris@sdquanye.com,https://www.sdquanye.com,"Contract Manufacturing(Packing,Containers,etc.)",화장품 병·크림 용기·에어리스 펌프 등 플라스틱 패키징 전문 제조사. 자사 소비자 브랜드 없음.
117,제외,"GUANGDONG OUXINMAYPACK TECH CO., LTD",,high,,,A,A-N16,admin@oxmpackaging.com,https://www.oxmpackaging.com/,"Natural & Organic Cosmetics, Contract Manufacturing(OEM/ODM), Brands/Manufacturer(Skin Care), Hair Care Products",사명·desc 모두 친환경 튜브 패키징 제조사(특허 150건). 자사 소비자 브랜드 없음.
103,제외,"DONGGUAN KINWONG TECHNOLOGY CO.,LTD",,high,,,A,A-N18,miko@jingwangtop.com,https://kinwongtechnology.en.alibaba.com,,"뷰티 마사지·화장 도구(스패출러, 괄사, 롤러) 제조사로 OEM 공급. 자사 소비자 브랜드 없음."
309,제외,"ZHEJIANG WANSHENG COSMETIC PACKAGING CO., LTD",,high,,,A,A-N19,info@sywansheng.com,https://sywansheng.com,"Skin Care, Contract Manufacturing(Packing,Containers,etc.)",화장품 패키징(크림자·에어리스병·토너병) 풀체인 제조사로 자체 소비자 브랜드 없음.
113,제외,"FOSHAN QISHENG PLASTIC PACKAGING CO.,LTD",,high,,,A,A-N21,cenmingheng@qishengfs.cn,https://wa.me/+8613802523499,"Contract Manufacturing(Packing,Containers,etc.)","화장품·스킨케어용 맞춤 플라스틱 용기 제조사. Watsons·Unilever 등 브랜드 납품, 자사 소비자 브랜드 없음."
131,제외,"GUANGZHOU ZHEN XIONG PRINTING CO., LTD.",,high,,,A,A-N22,selina@gzzhenxiong.cn,https://gzzhenxiong.en.alibaba.com/,"Contract Manufacturing(Packing,Containers,etc.)","PVC/종이 박스·기프트박스·쇼핑백 등 패키징 인쇄 제조사, 소비자 브랜드 없음."
119,제외,"GUANGDONG WENHUA PRINTING TECHNOLOGY DEVELOPMENT CO., LTD",,high,,,A,A-N23,info@winpackprinting.com,http://+853 68917318,"Contract Manufacturing(Packing,Containers,etc.)",종이상자·종이백 맞춤 인쇄 패키징 제조사. 자사 소비자 브랜드 없음.
306,제외,"ZHEJIANG CHENYANG NONWOVEN CO., LTD",,low,borderline,Y,A,A-N24,,,,"desc 없으나 사명에 Nonwoven(부직포) 명시, 마스크 원단 등 소재 공급사로 추정되어 소비자 브랜드 없음."
110,제외,"FOSHAN BOYA PLASTIC TECHNOLOGY CO., LTD.",,high,,,A,A-N25,boyagzcn@126.com,,"Contract Manufacturing(Packing,Containers,etc.)",튜브·PET 병 등 플라스틱 패키징 제조 및 OEM 공급사. 자사 소비자 브랜드 없음.
88,제외,"A&H INTERNATIONAL COSMETICS CO., LTD",,high,,,A,A-N26,info-sales@a-hcosmetics.com,https://mp.weixin.qq.com/mp/profile_ext?action=home&__biz=MzkzMzM5NzM5Mw==,"Skin Care, Make up and Color Cosmetics, Contract Manufacturing(OEM/ODM)","색조·스킨케어 완제품 및 원료 공장 운영 OEM/ODM 제조사, 자체 소비자 브랜드 없음."
128,제외,"GUANGZHOU SIYU NON-WOVEN PRODUCTS CO., LTD.",,high,,,A,A-N28,1102020670@qq.com,https://mp.weixin.qq.com/s/-m0lLrx2r1luNZ5JQuEmYw,"Facial Masks, Others","기능성 부직포 소재 제조 하이테크 기업, 마스크시트 원단 소재공급으로 소비자 브랜드 없음."
180,제외,"SHAOXING LIZHI PLASTIC PRODUCTS CO.,LTD.",,high,,,A,A-N29,liz_plastic@163.com,http://www.liz-packaging.com,Others,화장품 플라스틱 용기·패키징 OEM 제조사로 자체 소비자 브랜드 없음.
166,제외,"NINGBO SHIRAN PLASTIC INDUSTRY CO., LTD",,high,,,A,A-N30,winnie@nbshiran.com,,Others,화장품·스킨케어 맞춤 포장재(플라스틱병·아크릴·진공병) 전문 제조사로 자사 소비자 브랜드 없음.
132,제외,"GUANGZHOU ZHENGXI PACKING PRODUCTS CO., LTD.",,high,,,A,A-N31,justinwong@gzzxplastic.com,https://www.gzzxplastic.com,"Contract Manufacturing(Packing,Containers,etc.)","화장품·생활용품 패키징(로션·폼·디스펜서 펌프) 전문 제조사, 소비자 브랜드 없음."
167,제외,"NINGBO YOUSEE COSMETIC TECHNOLOGY CO.,LTD.",,high,,,A,A-N36,yoki@cnyss.com,http:// 17816655363,"Contract Manufacturing(OEM/ODM), Contract Manufacturing(Packing,Containers,etc.)",사출·표면처리·실크스크린 등 용기 부자재 수탁 제조사로 자사 소비자 브랜드 없음.
178,제외,"SHAOXING COMAN PACKAGING CO.,LTD.",,high,,,A,A-N37,sales@sxcoman.com,https://coman.en.alibaba.com/,"Skin Care, Body Care",고품질 플라스틱 화장품 포장재 전문 제조사로 자사 소비자 브랜드 없음(카테고리 태그 부정확).
184,제외,"SHENZHEN XIUZHUANG MAKEUP TOOLS CO., LTD",,medium,,Y,A,A-N38,sales5@szxiuzhuang.com,https://www.xiuzhuang-beauty.com/,Brands/Manufacturer (Tools/Accessories),"공장이 화장품·툴을 생산하며 자재교체·라벨/패키징·로고 커스터마이징 OEM 서비스 중심, 자체 소비자 브랜드 언급 없음."
213,제외,주식회사 에어라파,,high,,Y,A,A-O01,airas@airapha.com,https://www.wechat.com/airapha sales,"Brands/Manufacturer(Hair Care), Hair Care Products, Scalp Care Products, Hair Device, Hair Tools(Brushes, Combs, Scissors, etc.), Equipment and Products for Professional Hair Salon","전문 살롱용 헤드스파·두피케어 장비 전문 기업으로 B2B 살롱 장비 중심, 소비자 브랜드 아님."
425,제외,유니엔코리아,,medium,,Y,A,A-O11,info@unienkorea.com,http://unienkorea.com,Others,desc가 '건강·미용 제품을 유통·판매하는 토탈 헬스케어사'로 자체 검수만 언급할 뿐 자사 브랜드·완제품이 전무한 유통상. (검증변경)
338,제외,디자인바른,,high,,,A,A-O15,db@designbarun.com,https://www.wechat.com/airapha,Others,화장품 로고·패키지 브랜딩 디자인 스튜디오로 자체 소비자 완제품 없음.
228,제외,주식회사 웰니스온,,medium,borderline,Y,A,A-O18,well@wellnesson.co.kr,http://www.wellnesson.co.kr,"Skin Care, Body Care, Facial Masks, Contract Manufacturing(OEM/ODM), Skin/Body Diagnosis Equipment, Home Aesthetic Device, Slimming Massage",desc가 전문가용 뷰티·의료디바이스 OEM 제조·개발·판매 중심이고 '산하 다양한 브랜드' 언급뿐 구체 소비자 브랜드명·D2C 채널이 없어 보수적 제외.
226,제외,와이에스메디,,high,,,A,A-O22,beauty@ysmedi.kr,https://xe-lha.com/en,"Skin Care, Body Care, Cosmeceutical Products, Derma Cosmetics, Facial Masks, Cleansing Products",피부과·의료기관 대상 메디컬 에스테틱 솔루션(XE-LHA) 공급으로 일반 소비자 브랜드 아님.
162,제외,(주)나노바이오시스템,,medium,,Y,A,A-O33,mkt@nanobiosystem.co.kr,https://www.nanobiosystem.co.kr/,"Skin Care, Cosmeceutical Products, Derma Cosmetics, Contract Manufacturing(OEM/ODM), Brands/Manufacturer(Skin Care), Others","재생의료 원천기술 기반 의료기기·바이오 기업으로 코스메틱은 기술 적용 개발 단계, 병원·파트너 대상이고 자사 소비자 브랜드 언급 없음."
299,제외,파란네일,,low,borderline,Y,A,A-P04,,,,"desc/category/website 모두 공란이며 명칭상 네일 상품·유통 추정, 자사 소비자 브랜드 근거 없음."
432,제외,이연물산,,low,borderline,Y,A,A-P05,,,,category·website·desc가 모두 비어 있어 뷰티 소비자 브랜드 보유 근거가 전무하여 보수적으로 제외.
55,제외,(주)오렌지팩,,high,export,,A,A-P06,sales@orange-pack.co.kr,http://www.orange-pack.co.kr,"Contract Manufacturing(Packing,Containers,etc.)","유리 용기·금형·부자재 일괄 제조하는 패키징 파트너사, 소비자 브랜드 없음."
1,제외,Amazon Ads,,high,,,A,A-P07,,https://advertising.amazon.com/ko-kr,"Education, Marketing",광고 솔루션 플랫폼(B2B 광고 서비스)으로 자체 소비자 뷰티 브랜드 없음.
259,제외,(주) 코스모더마,,low,borderline,Y,A,A-P08,comikorea@gmail.com,https://www.cosmoderma.kr/,"Skin Care, Body Care, Thread Lifts and Fillers","카테고리에 실리프팅·필러 포함, desc가 R&D 기반 고품질 원자재 사용 추상적 표현뿐이고 자사 소비자 브랜드 언급 없어 시술기기·B2B 성격 추정."
287,제외,케이투메디텍,,low,borderline,Y,A,A-P10,,,,"desc/category/website 모두 공란이며 명칭상 메디텍(의료기기) 추정, 자사 소비자 브랜드 근거 전무."
398,제외,에버바이오,,high,,,A,A-P14,hello@everbio.co.kr,https://www.everbio.co.kr/,"Inner Beauty, Nail Accessories, Nail Tools/Equipment, Eyelash Products",이너뷰티 건기식·화장품 OEM/ODM 전문 수탁제조사로 자체 소비자 브랜드 언급 없음.
474,제외,주식회사 미팜,,high,export,Y,A,A-P16,stanleygg123@maypharm.co.kr,https://maypharm.net,"Skin Care, Cosmeceutical Products, Derma Cosmetics, Thread Lifts and Fillers",보툴리눔 톡신·필러·엑소좀 메디컬 에스테틱 전문사로 나드레쥬 등 브랜드도 시술용 제품이라 소비자완제품 아님.
21,제외,(주)바라보니화장품,,low,borderline,Y,A,A-P17,,,,"category/website/desc 모두 비어 사업실체 근거 전무, 자사 소비자 브랜드 증거 없어 보수적 제외(검증변경)"
490,제외,"SKINNPLUS CO.,LTD",,medium,borderline|oem_with_brand,Y,A,A-P19,skinn2012@naver.com,https://brand.naver.com/saintfran,"Skin Care, Make up and Color Cosmetics, Derma Cosmetics",TV홈쇼핑 인큐베이팅·ODM 파트너가 본업이고 자체 브랜드는 부수적 언급이라 소비자 브랜드성 약함.
387,제외,씨라인메디랩 C-LINE MEDILAB,,high,,,A,A-P22,cbreath@naver.com,https://www.c-line7.com,Skin/Body Diagnosis Equipment,에스테틱 기기 OEM 제조·개발·보급 전문 B2B 기업으로 소비자 자체 브랜드 없음.
231,제외,주식회사 위즈켐,,high,,,A,A-R01,mjlee@wizchem.com,http://www.wizchem.com,"Cosmeceutical Products, Derma Cosmetics, Contract Manufacturing(OEM/ODM), Thread Lifts and Fillers, Peeling",스킨부스터·필러 R&D/제조 OEM/ODM으로 클리닉·유통·브랜드 파트너 대상 B2B.
489,제외,(주)순바이오팜,,low,borderline,Y,A,A-R03,,,,"desc·website·category 모두 비어 있어 사업 확인 불가, 보수적 제외."
340,제외,라즐라 뷰티(P.M.U),,high,,Y,A,A-R04,bpflkhss@gmail.com,https://www.wechat.com/wxid_6d25szebr2ox22,"Cosmeceutical Products, Semi Permanent",필링세럼+피그먼트코팅크림+페더니들 등 반영구(PMU) 시술 전용 제품으로 시술자·전문가 대상 B2B이며 소비자 자체 브랜드 근거 없음.
91,제외,"BAIHUA CO.,LTD",,high,,,A,A-R13,joan@baihuawipes.com,https://gzbhryp.1688.com,"Body Care, Brands/Manufacturer(Skin Care)","물티슈 전문 제조사로 OEM/ODM 위주, 자체 소비자 브랜드 없음."
390,제외,아람휴비스(주),,low,borderline|device,Y,A,A-R14,info@aramhuvis.com,https://www.aramhuvis.com/,"Natural & Organic Cosmetics, Scalp Care Products, Skin/Body Diagnosis Equipment",desc 비어있고 category에 피부·두피 진단기기가 포함된 측정기기 중심 회사로 소비자 자체 브랜드 근거 없음(보수적 제외).
392,제외,아롬컴퍼니,,low,borderline,Y,A,A-R15,florencekim04@gmail.com,https://www.wechat.com/Flofounder,,desc·category 모두 비어있고 위챗 링크만 있어 사업 실체와 소비자 브랜드 확인 불가(보수적 제외).
281,제외,GMC Med,,medium,export,,A,A-R16,info@gmcmed.co.kr,http://www.gmcmed.co.kr,,"에스테틱 제품·피부과 의료기기 개발/제조 중심, 자체 소비자 브랜드 불명확한 B2B 수출형."
257,제외,(주)케이피티,,high,,,A,A-R18,mhs@starpheres.com,http://www.starpheres.com/,,"입자기술·비드에멀젼 소재 전문기업으로 아모레·로레알 등에 원료/제형 공급하는 B2B 소재기업, 소비자 브랜드 없음."
15,제외,(주)라파스,,medium,borderline|oem_with_brand,Y,A,A-R19,sales@raphas.com,https://www.raphas.com/en/,"Skin Care, Cosmeceutical Products, Derma Cosmetics, Facial Masks, Others, Contract Manufacturing(OEM/ODM), Brands/Manufacturer(Skin Care)","desc가 마이크로니들 DEN기술·제조공정·인증만 설명, 소비자 브랜드명·D2C·리테일 언급 전무한 B2B 기술/OEM사. (검증변경)"
8,제외,(주)뉴트리케어,,high,,,A,A-R22,global2m@nutricare.co.kr,https://nutricare.co.kr/,"Skin Care, Body Care, Inner Beauty, Contract Manufacturing(OEM/ODM), Brands/Manufacturer(Skin Care), Brands/Manufacturer(Make up), Brands/Manufacturer(Hair Care), Brands/Manufacturer(Bath & Body Care), Brands/Manufacturer (Tools/Accessories), Home Aesthetic Device, Slimming Massage",건기식·뷰티 OEM/ODM/OBM/JDM 전문 제조사로 자체 소비자 브랜드 없음.
326,제외,뉴런,,low,,Y,A,A-R24,,,,"desc·website 전무, 명칭만으로 소비자 뷰티 브랜드 판단 불가하여 보수적 제외."
283,제외,차모스코스메틱,,high,,,A,A-R26,1992@chamos.co.kr,https://en.chamos.co.kr,"Skin Care, Body Care, Facial Masks, Others, Contract Manufacturing(OEM/ODM), Brands/Manufacturer(Skin Care), Brands/Manufacturer(Hair Care), Brands/Manufacturer(Bath & Body Care), Hair Care Products, Scalp Care Products","30년 기능성 화장품 OEM/ODM 수탁·수출 중심, 자사 소비자 브랜드 언급 없음."
203,제외,(주)아름이,,high,,Y,A,A-R31,arummed@gmail.com,https://www.arummedi.com/,"Cosmeceutical Products, Derma Cosmetics, Laser/IPL/RF/Multi, Skin/Body Diagnosis Equipment","의료·에스테틱 기기 제조·글로벌 유통과 OEM 솔루션 전문으로 클리닉·에스테틱센터 공급 중심, 자체 소비자 브랜드 없음."
106,제외,(주)디와이코스메틱,,high,,,A,A-R32,dy-cos@daum.net,https://dy-cos.com,Facial Masks,마스크팩·기능성 화장품 전문 OEM/ODM 제조 기업. 자사 소비자 브랜드 언급 없음.
332,제외,더새롬코스메틱(주)-유니스파테크(주),,medium,,Y,A,A-R33,spatechsales@naver.com,http://www.unispatech.com,"Skin Care, Body Care, Derma Cosmetics, Brands/Manufacturer(Bath & Body Care)","피부·비만 의료/관리 장비를 클리닉·관리실에 공급하는 제조사의 판매 자회사로 B2B 전문장비 중심, 소비자 브랜드 아님."
22,제외,(주)바바와와팩토리,,medium,export,,A,A-R38,junghun72001@naver.com,http://www.drlola.co.kr,"Skin Care, Body Care, Facial Masks, Contract Manufacturing(OEM/ODM)","기능성 화장품 제조·수출(manufacturing/exporting) 중심으로 자체 소비자 브랜드 명시 없음, OEM성 강함."
372,제외,사단법인 주한미국상공회의소,,high,,,A,A-R42,,,,"상공회의소 단체로 뷰티 소비자 브랜드 없음, Non-ICP."
373,제외,삼성에스디에스(주),,high,,,A,A-R44,gibin.kim@samsung.com,https://www.cello-square.com/,Others,"첼로스퀘어 디지털 물류 플랫폼(삼성SDS), 뷰티 수출 물류 B2B 서비스로 소비자 브랜드 없음."
233,제외,유한코스메틱,,high,,,C,C-I01,dh.son@yuhancosmetics.co.kr,https://yuhancosmetics.co.kr/,"Skin Care, Derma Cosmetics, Contract Manufacturing(OEM/ODM)","유한양행 계열 화장품 OEM/ODM 제조사로 고객사 브랜드 생산, 자체 소비자 브랜드 없음."
435,제외,인터워크코리아,,high,export,Y,C,C-I09,unuco@unuco.co.kr,https://smartstore.naver.com/unuco,"Make up and Color Cosmetics, Contract Manufacturing(OEM/ODM), Contract Manufacturing(Packing,Containers,etc.), Eyelash Products, Eyelash Extensions",1998년부터 색조 화장품 턴키 OEM·금형·필링 및 속눈썹 500종 수출 B2B 전문사로 자체 소비자 브랜드 없음.
358,제외,후택,,high,,,C,C-I14,biz@whotag.ai,https://whotag.ai,"Others, Marketing","인플루언서 발굴·캠페인 대행 AI 인텔리전스 플랫폼(바이브컴퍼니)으로, 자사 소비자 뷰티 브랜드가 아닌 마케팅 서비스 공급자(경쟁/파트너군)."
465,제외,주식회사 리더스코스메틱,,high,,,C,C-I17,odem@leaderscosmetics.com,https://leaderscosmetics.com,Contract Manufacturing(OEM/ODM),"desc가 고객 브랜드 위한 맞춤형 ODM/OEM 솔루션만 명시, 자체 소비자 브랜드 언급 없음."
157,제외,"LOHAS SILICONE RUBBER CO.,LTD",,low,,Y,C,C-J11,,,,"desc·category·website 모두 비어있으나 사명에 Silicone Rubber 명시, 실리콘 소재·부자재 공급사로 추정되어 제외."
154,제외,"LEE KEE PACKAGING SOLUTION CO., LTD",,high,,,C,C-J12,hannah@gzliji.com,https://www.gzliji.com,"Contract Manufacturing(Packing,Containers,etc.)",화장품 유리병 독점 유통·가공 전문 패키징 솔루션사로 자체 소비자 브랜드 없음.
303,제외,"YUYAO HEJIA PLASTIC INDUSTRY CO., LTD",,high,,,C,C-J21,helena@hejiaplastic.com,http://www.hejiaplastic.com,,화장품 플라스틱 패키징(에어리스병·크림자·로션병) 전문 제조사로 소비자 브랜드 없음.
215,제외,(주)에이로마플라붐,,high,,,C,C-J32,info@aromaflavum.com,https://en.aromaflavum.com/,"Contract Manufacturing(OEM/ODM), Brands/Manufacturer(Bath & Body Care)","향료 원료 개발·공급 B2B 조향 기업으로 화장품·퍼퓸사에 향료 솔루션 제공, 소비자 완제품 브랜드 아님."
313,제외,"NATUZEN CO., LTD.,",,high,,,C,C-J41,natuzensales@natuzen.net,https://www.natuzen.net/?language=kor,"Skin Care, Facial Masks, Brands/Manufacturer(Skin Care), Hair Care Products",기초·기능성·바디헤어·의약외품 등 전문 OEM/ODM 제조사로 자체 소비자 브랜드 언급 없음.
94,제외,BODYYA HEALTH,,high,,,C,C-J42,bodyya@naver.com,,Contract Manufacturing(OEM/ODM),"2010년 설립 화장품 제조업체로 소량 OEM 생산 제안(마스크팩·샴푸 등), 자체 소비자 브랜드 없음."
345,제외,리봄화장품,,high,export,,C,C-J52,overseas@rebom.kr,http://www.rebom.kr/,"Contract Manufacturing(OEM/ODM), Brands/Manufacturer(Skin Care), Brands/Manufacturer(Make up), Brands/Manufacturer(Hair Care), Brands/Manufacturer(Bath & Body Care)","화장품 R&D 및 ODM 수출 전문기업으로 고객 맞춤형 제조 제공, 자체 소비자 브랜드 언급 없음."
262,제외,오프뷰티,,high,,,C,C-K01,offbeauty@qandbintl.com,https://offbeauty-percent.com/,Others,여러 브랜드 제품을 모아 파는 뷰티 아울렛 플랫폼/유통상으로 자사 소비자 완제품 브랜드 없음.
161,제외,MZPACK,,high,,,C,C-K11,Yexi@mzcn.shop,,"Contract Manufacturing(Packing,Containers,etc.)",포장재(플라스틱 용기) 솔루션 전문 부자재 제조사로 자사 소비자 브랜드 없음.
120,제외,"GUANGZHOU AISHANG PLASTIC PRODUCTS CO., LTD.",,high,,,C,C-K12,wu15017512296@outlook.com,,"Contract Manufacturing(OEM/ODM), Contract Manufacturing(Packing,Containers,etc.)","화장품/식품/의약품 외포장 플라스틱 용기(PP/아크릴/PE튜브) 제조 전문, 자사 소비자 브랜드 없음."
137,제외,"HEBEI BEYRON BIOTECH CO., LTD.",,high,,,C,C-K16,jason@beyron.cn,http://www.beyron.cn/,"Skin Care, Make up and Color Cosmetics, Body Care, Cosmeceutical Products, Derma Cosmetics, Natural & Organic Cosmetics, Facial Masks, Men’s Care, Perfumery, Cleansing Products, Inner Beauty, Accessories & Toiletries, Others","세라마이드·나이아신아마이드 등 화장품 원료 전문 기업, 순수 원료공급으로 소비자 브랜드 없음."
197,제외,"YANGZHOU GUANYU PLASTIC TUBE CO., LTD.",,high,,,C,C-K17,,,Others,화장품·의약품 등 튜브 패키징 맞춤 제조사로 소비자 브랜드 없음.
125,제외,"GUANGZHOU LIGAO PLASTIC PRODUCTS CO.,LTD.",,high,,,C,C-K21,nickwang@gzligao.com.cn,http://www.igaogz.com,"Contract Manufacturing(OEM/ODM), Contract Manufacturing(Packing,Containers,etc.), Others","화장품·생활화학 패키징(폼펌프/로션펌프/PET병) 원스톱 제조사, 소비자 브랜드 없음."
140,제외,"HUARUI PACKAGING TECH(HANGZHOU) CO., LTD.",,low,,Y,C,C-K22,,,,"desc·category·website 모두 비어있으나 사명에 Packaging Tech 명시, 패키징 제조사로 추정되어 자체 소비자 브랜드 없음."
163,제외,"NINGBO BEYON PLASTIC CO.,LTD.",,high,,,C,C-K26,business@ibeyon.com,https://www.ibeyon.com,"Contract Manufacturing(Packing,Containers,etc.)",PET병·캡·에어리스병 등 화장품 용기 전문 제조사로 자사 소비자 브랜드 없음.
509,제외,한솔생명과학(주),,high,,,C,C-K31,sales@hansolbio.com,https://www.hansolbio.com/,"Skin Care, Body Care, Cosmeceutical Products, Derma Cosmetics, Natural & Organic Cosmetics, Men’s Care, Cleansing Products, Contract Manufacturing(OEM/ODM), Brands/Manufacturer(Skin Care), Brands/Manufacturer(Make up), Brands/Manufacturer(Hair Care), Brands/Manufacturer(Bath & Body Care), Brands/Manufacturer(Medical & Beauty Equipment)","cGMP OEM/ODM 화장품 제조사로 Medipeel·Cell Fusion C 등 3500여 고객사 수탁 생산, 자체 소비자 브랜드 아님."
322,제외,그린코스 주식회사,,low,,Y,C,C-K33,,,,"desc·website 전무, 명칭상 코스(코스메틱 OEM 추정)이나 자체 소비자 브랜드 근거 없어 보수적 제외."
67,제외,(주)죠이라이프,,high,,,C,C-K41,export@jlife1.com,http://joylifekorea.com/,"Skin Care, Make up and Color Cosmetics, Body Care, Cosmeceutical Products, Facial Masks, Men’s Care, Cleansing Products, Inner Beauty, Accessories & Toiletries, Contract Manufacturing(OEM/ODM), Brands/Manufacturer(Skin Care), Brands/Manufacturer(Make up), Brands/Manufacturer(Hair Care), Brands/Manufacturer(Bath & Body Care), Hair Care Products, Hair Styling Products","화장품·건강식품 OEM/ODM 전문기업으로 고객사 브랜드 제조 지원만, 자체 소비자 브랜드 없음."
270,제외,주식회사 피에프네이처,,high,export,,C,C-K51,marketing@pfnature.com,https://www.pfnature.com/,,R&D·제조·QC 원스톱 ODM/OEM 전문 수탁제조 기업으로 자사 소비자 브랜드 없음.
494,제외,Symphony Cosmetic Inc.,,medium,,Y,C,C-K52,,,,성형외과·피부과가 운영하는 에스테틱·전문가용 제품 브랜드로 소비자 완제품 브랜드로 보기 어려움.
207,제외,주식회사 엔스,,high,,,C,C-K56,enthsales@enth.co.kr,https://enth.co.kr/,"Make up and Color Cosmetics, Nail Polish/Gel Nail Polish","네일·컬러코스메틱 OEM/ODM 수탁제조사로 글로벌 브랜드 대상 공급, 자체 소비자 브랜드 없음."
354,제외,무림페이퍼,,high,,,C,C-L01,moorim@moorim.co.kr,https://www.moorim.co.kr,"Contract Manufacturing(Packing,Containers,etc.), Others","화장품 패키징 용지·펄프몰드·나노셀룰로오스 원료 공급하는 지류 소재 B2B 기업, 소비자 브랜드 없음."
288,제외,케이패키지,,high,,,C,C-L03,help@kpackage.kr,https://kpackage.kr/,Contract Manufacturing(OEM/ODM),"친환경 골판지 패키지 제조사로 부자재·포장 B2B, 소비자 뷰티 브랜드 없음."
200,제외,YUGA GROUP,,high,,,C,C-L11,ivy.liao@yuga-tech.com,https://www.yuga-tech.com,"Contract Manufacturing(OEM/ODM), Contract Manufacturing(Packing,Containers,etc.)",화장품 패키징(용기·부자재) 전문 제조사로 자체 소비자 브랜드 없음.
311,제외,"ZHONGSHAN TOPTREND PACKAGING CO., LTD.",,high,,,C,C-L12,,,"Contract Manufacturing(Packing,Containers,etc.)",폼펌프 등 패키징 솔루션을 브랜드·패키징사에 공급하는 OEM 제조사로 소비자 브랜드 없음.
156,제외,"LINK METOO BIO-TECHNOLOGY DALIAN CO.,LTD",,medium,,Y,C,C-L16,1013636360@qq.com,http://www.linkmetoo.com.cn,"Skin Care, Brands/Manufacturer(Skin Care)","category는 Skin Care이나 desc는 바이오복합소재 R&D·생산·자원 재활용만 언급, 소비자 제품·브랜드 없는 소재 공급사로 판단되어 제외."
62,제외,(주)일진코스메틱,,medium,,Y,C,C-L21,,,,"desc가 향료·제형·원료 연구개발 및 고객사 대상 제품 개발만 언급, 자체 소비자 브랜드·D2C 근거 전무."
428,제외,유씨엘 주식회사,,high,,Y,C,C-L23,UCL.Global@e-ucl.co.kr,http://www.e-ucl.co.kr/eng,"Skin Care, Make up and Color Cosmetics, Body Care, Cosmeceutical Products, Derma Cosmetics, Contract Manufacturing(OEM/ODM), Brands/Manufacturer(Skin Care), Brands/Manufacturer(Make up), Brands/Manufacturer(Hair Care), Brands/Manufacturer(Bath & Body Care)","1980년 원료 생산으로 시작한 화장품·의약외품 ODM/OEM 전문사로 desc가 클라이언트 제품 개발 강조, 자체 소비자 브랜드 없음."
86,제외,(주)화인글로벌랩,,high,,,C,C-L26,midilcos@gmail.com,https://whaingloballab.com/,"Skin Care, Body Care, Derma Cosmetics, Facial Masks, Perfumery, Cleansing Products, Inner Beauty, Contract Manufacturing(OEM/ODM), Hair Care Products, Scalp Care Products","1979년부터 화장품 연구개발·생산 전문 OEM/ODM으로 고객사 공급, 자체 소비자 브랜드 없음."
16,제외,(주)리베코스,,high,,,C,C-L31,tim@saenggreen.com,http://www.liebecos.com/,,스킨케어·퍼스널케어 OEM/ODM 수탁제조사(38년)로 자체 소비자 브랜드 없음.
409,제외,(주)에이텍,,high,,,C,C-L33,afternoon@aekyung.kr,https://www.atecltd.com/,"Skin Care, Make up and Color Cosmetics, Body Care, Cosmeceutical Products, Derma Cosmetics, Natural & Organic Cosmetics, Facial Masks, Contract Manufacturing(OEM/ODM), Contract Manufacturing(Packing,Containers,etc.), Brands/Manufacturer(Skin Care)",라미네이트 튜브·용기 등 포장재·완제품 수탁제조 OEM으로 자체 브랜드 없음.
58,제외,(주)우신화장품,,high,export,,C,C-L38,bob@woosincos.co.kr,https://www.woosincos.co.kr/,,"기초·바디·헤어 화장품 전문 OEM/ODM 제조사, 자체 소비자 브랜드 언급 없음."
210,제외,주식회사 에스겔코스메틱,,high,,,C,C-L41,ezekielcos@hanmail.net,https://ezekielcos.com/,"Skin Care, Body Care, Natural & Organic Cosmetics, Facial Masks, Men’s Care, Contract Manufacturing(OEM/ODM), Hair Care Products","CGMP 인증 화장품 OEM/ODM 전문 제조사로 고객사 브랜드 생산 원스톱 서비스, 자체 소비자 브랜드 없음."
479,제외,주식회사 베스트솔루션,,high,,,C,C-L46,design@bestsolution1.co.kr,https://www.bestsolution1.co.kr/,"Skin Care, Body Care, Derma Cosmetics, Contract Manufacturing(OEM/ODM), Brands/Manufacturer(Skin Care), Brands/Manufacturer(Hair Care), Brands/Manufacturer(Bath & Body Care)",Private-label·OEM·ODM 토탈 뷰티 솔루션 제공사로 자체 소비자 브랜드 언급 없음.
73,제외,(주)케이알,,high,,,C,C-L51,krsales@krpkg.co.kr,https://www.krpkg.co.kr,"Contract Manufacturing(Packing,Containers,etc.)","화장품 포장재(용기) 전문 제조기업으로 부자재 공급만, 자체 소비자 브랜드 없음."
196,제외,W(orks) & V(alue),,high,,,C,C-L57,project@wvdesign.kr,https://www.wvdesign.kr,"Contract Manufacturing(Packing,Containers,etc.), Brands/Manufacturer(Skin Care), Brands/Manufacturer(Make up), Others",뷰티 브랜드 전문 크리에이티브 디자인 스튜디오로 자체 소비자 브랜드 없는 B2B 서비스.
37,제외,"주식회사 씨아이티 (CIT Co., Ltd)",,high,,,C,C-M11,,https://citcosmetic.com/kr/,"Skin Care, Make up and Color Cosmetics, Body Care, Men’s Care, Cleansing Products, Contract Manufacturing(OEM/ODM)","화장품 ODM 토탈서비스 전문 기업, 고객맞춤형 처방·제조 수탁으로 자체 소비자 브랜드 없음."
42,제외,(주)아우딘퓨쳐스(K-Beauty ODM/OEM),,high,export,,C,C-M16,kmpark@outinco.com,https://youtu.be/r58RnimqKbM?si=42bhi3wzbVdjsPVW,"Skin Care, Make up and Color Cosmetics, Body Care, Cosmeceutical Products, Men’s Care, Perfumery, Cleansing Products, Contract Manufacturing(OEM/ODM), Brands/Manufacturer(Skin Care), Brands/Manufacturer(Make up), Brands/Manufacturer(Hair Care), Brands/Manufacturer(Bath & Body Care), Hair Care Products, Scalp Care Products, Hair Styling Products, Eyelash Products, Products, Others, Distribution, Marketing","K-뷰티 선도 글로벌 화장품 ODM 전문기업, 파트너사에 토탈 솔루션 제공으로 자체 소비자 브랜드 없음."
47,제외,APOLLO BEAUTY,,high,,,C,C-M21,sale@apolloind.co.kr,http://www.instargram/apollo___packaging,"Contract Manufacturing(Packing,Containers,etc.)","1976년 창업 화장품 패키징·용기·디스펜서 공급사로 부자재 제조, 소비자 브랜드 없음."
422,제외,와이원글라스,,high,,,C,C-M23,sales@y-oneglass.co.kr,http://www.y-oneglass.co.kr,"Skin Care, Perfumery, Contract Manufacturing(OEM/ODM), Contract Manufacturing(Packing,Containers,etc.)",스킨케어/향수용 유리용기 전문 제조사로 부자재·용기 B2B 공급만 하며 자체 소비자 브랜드 없음.
204,제외,ASIABNC (주식회사 아시아비엔씨),,high,,Y,C,C-M26,export@asiabnc.co.kr,https://www.asiabnc.co.kr,"Skin Care, Make up and Color Cosmetics, Body Care, Distribution",rom&nd 등 타사 브랜드를 위한 유통·이커머스·마케팅·OEM/ODM 대행이 본업으로 자체 소비자 브랜드 아님.
356,제외,미래피앤씨주식회사,,low,borderline,Y,C,C-M28,,,,"desc·website·category 모두 비어있고 사명(P&C)상 제조/부자재 추정, 자체 소비자 브랜드 근거 전무."
401,제외,STB International,,high,,,C,C-M31,,,"Skin Care, Make up and Color Cosmetics, Contract Manufacturing(OEM/ODM), Contract Manufacturing(Packing,Containers,etc.)",색조·스킨케어 OEM/ODM 전문기업으로 자체 소비자 브랜드 언급 없음.
34,제외,(주)세리화장품,,high,,,C,C-M33,must@sericos.co.kr,http://sericos.co.kr/en,"Skin Care, Body Care, Cleansing Products, Contract Manufacturing(OEM/ODM), Brands/Manufacturer(Skin Care), Brands/Manufacturer(Hair Care), Brands/Manufacturer(Bath & Body Care), Hair Care Products, Scalp Care Products, Hair Coloring and Bleaching Products, Hair Styling Products, Hair Extension and Wig","1998년 설립 화장품 제조사(manufacturer)로 R&D·생산 수탁, 자체 소비자 브랜드 언급 없음."
391,제외,(주)아로마뱅크,,high,,,C,C-M36,aromabank@aroma-bank.co.kr,http://www.aroma-bank.co.kr/,"Perfumery, Others",향료·에센셜오일 개발 공급 및 향수·디퓨저 OEM/ODM B2B 서비스로 자체 소비자 브랜드 없음.
30,제외,서울화장품,,high,,,C,C-M41,sarah.k@seoulcos.co.kr,http://www.seoulcos.co.kr/,"Skin Care, Body Care, Derma Cosmetics, Cleansing Products, Contract Manufacturing(OEM/ODM), Brands/Manufacturer(Skin Care), Brands/Manufacturer(Hair Care), Brands/Manufacturer(Bath & Body Care), Hair Care Products","44년 경력 OEM/ODM 원스톱 제조사로 타 브랜드용 처방 개발, 자체 소비자 브랜드 언급 없음."
448,제외,주식회사 다산씨엔텍,,high,,,C,C-M42,sales@dasancntech.com,https://www.dasancntech.com/,Contract Manufacturing(OEM/ODM),"CGMP 화장품 제조사로 원료·제형 개발 및 OEM/ODM·인증대행 제공, 자체 소비자 브랜드 없음."
280,제외,(주)지앤아이코스메틱,,high,,,C,C-M51,gnicos@gnicos.co.kr,http://www.gnicos.co.kr/,,"desc상 색조화장품 ODM 전문업체로 자사 소비자 브랜드 언급 없음, 수탁제조."
146,제외,"INNOVATION PACKAGING USA CO., LIMITED",,low,,Y,C,C-N01,,,,"desc·category·website 모두 비어있으나 사명에 Packaging 명시, 패키징 공급사로 추정되어 자체 소비자 브랜드 없음."
89,제외,AMORY LONDON LTD,,low,borderline,Y,C,C-N06,,,,"category·website·desc 모두 비어 정보 전무, 자사 소비자 브랜드 근거 없어 보수적 제외(재검토 권장)."
142,제외,"HUAXIN BIOTECHNOLOGY CO., LIMITED",,low,borderline|export,Y,C,C-N11,olwen_z@foxmail.com,https://huaxinguoji.en.alibaba.com/company_profile.html,"Skin Care, Brands/Manufacturer(Skin Care)","Alibaba company_profile 기반에 브랜드명 없이 '저가·중가·고가 전 가격대 풀라인업'을 내세운 수탁 제조사 카탈로그 어법, 자체 소비자 브랜드 근거 없음. (검증변경)"
305,제외,"ZAZAYOU TECHNOLOGY CO., LTD.",,medium,device|borderline,Y,C,C-N12,catherinetan@zazayou.com,https://www.zazayou.com/,Brands/Manufacturer(Medical & Beauty Equipment),"스마트 뷰티·마사지 기기 제조사로 글로벌 브랜드 대상 OEM/ODM 공급이 핵심, 소비자 대상 자사 D2C 브랜드 근거 없음."
169,제외,Nuon LLC,,medium,,Y,C,C-N16,info@nuonmedical.com,https://www.nuonmedical.com,,"18년 의료기술 기반으로 코스메틱 효능을 높이는 액티브 애플리케이터(기기 부품)를 개발하는 B2B 의료기술 기업, 자사 소비자 브랜드 없음."
152,제외,"LAYMAX MACHINERY CO.,LTD.",,high,,,C,C-N21,justin@verolaymax.com,https://laymaxmachinery.com/,Brands/Manufacturer(Medical & Beauty Equipment),"블리스터 패키징 설비(기계) 제조사로 B2B 기기 공급, 자체 소비자 브랜드 없음."
148,제외,"JINLAN PLASTIC TECHNOLOGY CO., LTD",,high,,,C,C-N22,karen@jinlanplastic.com,https://jinlanplastic.en.alibaba.com/,Contract Manufacturing(OEM/ODM),립글로스·마스카라·콤팩트 용기 등 화장품 용기 설계·제조사로 자체 소비자 브랜드 없음.
115,제외,GROWN TECHNOLOGY (HK) LIMITED,,high,device,,C,C-N27,may@onebeauty.com.cn,http://www.onebeauty.com.cn/,Brands/Manufacturer(Medical & Beauty Equipment),가정용 뷰티·퍼스널케어 기기 OEM/ODM 통합 솔루션 제조사. 자사 소비자 브랜드 아님.
235,제외,주식회사 이든팜,,high,,,C,C-N31,dwkim@edencos.co.kr,http://edencos.co.kr/,"Skin Care, Body Care, Derma Cosmetics, Natural & Organic Cosmetics, Facial Masks, Men’s Care, Cleansing Products, Contract Manufacturing(OEM/ODM), Brands/Manufacturer(Skin Care), Brands/Manufacturer(Hair Care), Brands/Manufacturer(Bath & Body Care), Hair Care Products, Scalp Care Products","스킨/헤어/바디 OEM/ODM 제조기업으로 고객사 맞춤 제형 개발, 자체 소비자 브랜드 없음."
362,제외,BonitoLab,,high,,,C,C-N32,bonitolab@bonitolab.com,https://www.bonitolab.com,"Skin Care, Contract Manufacturing(OEM/ODM)","화장품 기획부터 처방·양산까지 지원하는 개발 전문 OEM/ODM 기업, 자체 소비자 브랜드 언급 없음."
408,제외,에이코스팩 주식회사,,high,,,C,C-N36,ze9718@acospack.com,https://www.acospack.com/,"Skin Care, Contract Manufacturing(OEM/ODM), Contract Manufacturing(Packing,Containers,etc.), Others",화장품 용기·펌프 전문 패키징 제조사로 소비자 브랜드 없음.
510,제외,해피엘앤비,,high,,,C,C-N41,happy@happylnb.com,https://www.happylnb.com/eng/cosmetic/index.php,Contract Manufacturing(OEM/ODM),"화장품 OEM 기업으로 비건·할랄 인증 수탁 제조·수출 중심, 자체 소비자 브랜드 없음."
238,제외,(주) 정동산업,,high,,,C,C-N47,duzon@jungdong.biz,https://www.jungdongcos.com/,"Skin Care, Cosmeceutical Products, Derma Cosmetics, Facial Masks, Others, Contract Manufacturing(OEM/ODM), Brands/Manufacturer(Skin Care)","마스크팩·여드름패치 전문 글로벌 OEM/ODM 제조사로 파트너사 공급, 소비자 브랜드 없음."
14,제외,(주)디엠코스메틱스,,high,,,C,C-O27,dmcos@dmcosmetics.co.kr,https://dmcosmetics.co.kr,"Skin Care, Make up and Color Cosmetics, Body Care, Contract Manufacturing(OEM/ODM)",화장품 용기·포장재 개발 및 충전·포장 원스톱 제조사로 자체 소비자 브랜드 없음.
402,제외,(주) 에이바이오머티리얼즈,,high,,Y,C,C-O31,master@a-bio.co.kr,https://celexo.co.kr/home/index.php?ps_language_type=english,"Skin Care, Cosmeceutical Products, Derma Cosmetics, Hair Care Products",엑소좀 스킨부스터와 전문가용 프리/포스트케어 화장품을 클리닉에 공급하는 바이오텍으로 소비자 자체 브랜드 없음.
335,제외,"DOOCO CO., LTD.",,high,,,C,C-O32,salesinquiry@dooco.co.kr,https://www.dooco.co.kr/en,"Skin Care, Contract Manufacturing(Packing,Containers,etc.)",화장품 용기·패키징 전문 제조(에어리스·펌프 등)로 자체 소비자 브랜드 없음.
291,제외,KUMO,,high,,,C,C-O41,sales@kumo-group.com,https://kumo-group.com/,"Skin Care, Make up and Color Cosmetics, Body Care, Derma Cosmetics, Men’s Care, Perfumery, Cleansing Products, Inner Beauty, Contract Manufacturing(OEM/ODM), Contract Manufacturing(Packing,Containers,etc.), Brands/Manufacturer(Skin Care), Brands/Manufacturer(Make up), Brands/Manufacturer(Hair Care), Brands/Manufacturer(Bath & Body Care), Brands/Manufacturer(Medical & Beauty Equipment), Brands/Manufacturer(Nail/Eyelash/Waxing), Brands/Manufacturer (Tools/Accessories)",화장품 유리 용기·패키징 전문사로 태그 다수에도 desc는 용기 제조 B2B만.
76,제외,TONGCHENG PACKAGING,,medium,,,C,C-O46,,,,"사명이 패키징 업체로 부자재·용기 제조 추정, desc 비어있으나 자체 소비자 브랜드 근거 없음."
353,제외,MOMIX,,medium,,Y,C,C-O51,sales@momix.co.kr,https://momix.co.kr/,"Skin Care, Make up and Color Cosmetics, Cosmeceutical Products","맞춤 금형 개발·본품/코팅/인쇄 원스톱 제조(용기·부자재) 중심으로, 카테고리 태그와 달리 자체 소비자 브랜드 근거 없음."
388,제외,씨앤텍(주),,high,,,C,C-P01,sbeom1@cntechcorp.co.kr,https://www.cntechcorp.co.kr/,"Skin Care, Body Care, Derma Cosmetics, Facial Masks, Cleansing Products, Contract Manufacturing(OEM/ODM)",스킨케어·마스크·패치 등 외주 없는 자체생산 OEM/ODM 수탁제조사로 자체 소비자 브랜드 언급 없음.
33,제외,㈜세레코,,high,,,C,C-P03,celleco@celleco.co.kr,https://www.celleco.co.kr/en,"Skin Care, Body Care, Cosmeceutical Products, Derma Cosmetics, Men’s Care, Cleansing Products, Contract Manufacturing(OEM/ODM)","피부과학 기반 화장품 OEM/ODM 전문 기업, 원스톱 수탁제조로 자체 소비자 브랜드 없음."
20,제외,(주)미진화장품,,high,,,C,C-P16,mijin_kor@mjcare.co.kr,https://www.mjcare.co.kr/,"Skin Care, Body Care, Facial Masks, Contract Manufacturing(OEM/ODM), Brands/Manufacturer(Skin Care), Brands/Manufacturer(Bath & Body Care)","마스크팩 OEM/ODM 전문업체로 desc에 자체 소비자 브랜드 언급 없음, 수탁제조 중심."
247,제외,주식회사 제이에스사이언스,,high,,,C,C-P22,,,Others,GSC·안티에이징랩의 피부 임상시험·인증 컨설팅 B2B 서비스 제공 기업으로 자체 소비자 브랜드 없음.
501,제외,퓨어앤텍(주),,high,,,C,C-P31,sales@purentechkorea.com,https://purentechkorea.com/,"Skin Care, Facial Masks, Contract Manufacturing(OEM/ODM)",GMP 기반 OEM/ODM 전문 글로벌 화장품 제조사로 자체 소비자 브랜드 없이 수탁 생산·수출 중심.
384,제외,주식회사 신일피비씨,,high,,,C,C-P32,,,,화장품·생활용품용 친환경 에어리스 용기를 제작하는 부자재·용기 제조사로 소비자 브랜드 없음.
405,제외,에이치앤엘바이오,,high,,,C,C-P37,mkt_tiger@i-solu.com,https://www.drschiller.kr/,"Skin Care, Facial Masks, Others, Contract Manufacturing(OEM/ODM), Brands/Manufacturer(Skin Care)","동결건조 마스크팩 ODM/OEM 원스톱 수탁제조·대량 생산능력 중심, 소비자 브랜드 아님."
329,제외,대산산업,,high,,,C,C-P41,dsi21@daesan21.com,https://daesan21.com,"Contract Manufacturing(Packing,Containers,etc.)",화장품 명판·패키징 인쇄·용기 제조 부자재 업체로 자체 소비자 브랜드 없음.
40,제외,주식회사 씨티케이,,high,,,C,C-P46,,,"Skin Care, Make up and Color Cosmetics, Body Care, Cosmeceutical Products, Derma Cosmetics, Facial Masks, Men’s Care, Perfumery, Cleansing Products, Contract Manufacturing(OEM/ODM), Contract Manufacturing(Packing,Containers,etc.)",글로벌 뷰티 브랜드 대상 풀서비스 OEM/ODM 플랫폼 기업으로 자체 소비자 브랜드 없음.
282,제외,지와이바이오,,medium,export,,C,C-P51,INFO@GYBIO.CO.KR,https://WWW.GYBIO.CO.KR,"Skin Care, Derma Cosmetics, Contract Manufacturing(OEM/ODM), Others, Thread Lifts and Fillers, Others",NAD+/PDRN 항노화 제조·유통(실리프팅/필러 포함) 전문 제조사로 자사 소비자 브랜드 없음.
389,제외,(주) 씨케이앤비,,high,,,C,C-P52,sales@cknb.co.kr,,Others,디지털 콘텐츠·정품인증 플랫폼 ICT 서비스 기업으로 뷰티 소비자 브랜드 아님.
471,제외,모래코리아,,high,,,C,C-P56,sales.t@moraepackaging.com,https://moraepackaging.com/,"Contract Manufacturing(Packing,Containers,etc.)","화장품 용기·튜브·디스펜서 등 패키징 전문 제조사, 부자재 공급으로 소비자 브랜드 없음."
271,제외,한스코스,,high,export,,C,C-P57,tax@hanscos.com,http://www.hanscos.com/default/,"Skin Care, Body Care, Cosmeceutical Products, Derma Cosmetics, Facial Masks, Perfumery, Inner Beauty, Contract Manufacturing(OEM/ODM), Contract Manufacturing(Packing,Containers,etc.), Brands/Manufacturer(Skin Care)",스킨케어·기능성·디바이스 OEM/ODM 전문 수탁제조 기업으로 자체 소비자 브랜드 언급 없음.
450,제외,주식회사 더마솔루션,,high,,,C,C-Q02,sales.dermasolution@gmail.com,https://www.derma-solution.co.kr/,,"리프팅실·필러·뷰티디바이스 39개국 수출 B2B, 시술기기 중심으로 소비자 브랜드 아님."
232,제외,exomera,,low,borderline,Y,C,C-Q08,,,,desc·website·category 모두 비어 사업 실체를 판단할 근거가 전무하여 보수적 제외.
370,제외,비티랩,,medium,export,,C,C-Q09,btylab8082@naver.com,http://www.btylab.net/theme/bty/en/,"Skin Care, Body Care, Inner Beauty, Contract Manufacturing(OEM/ODM), Brands/Manufacturer(Bath & Body Care)","비타민 뷰티 샤워필터를 20여국에 OEM 수출하고 약국·살롱 등에 공급, 자체 소비자 브랜드 아닌 B2B 공급."
486,제외,사치바이오,,medium,,Y,C,C-Q11,saccibio@saccibio.com,https://www.saccibio.co.kr/,"Skin Care, Cosmeceutical Products, Derma Cosmetics, Natural & Organic Cosmetics, Facial Masks, Contract Manufacturing(OEM/ODM), Brands/Manufacturer(Skin Care), Brands/Manufacturer(Medical & Beauty Equipment), Thread Lifts and Fillers, Others, Distribution",PLLA 바이오스티뮬레이터·스킨부스터 등 '시술용' 제품 전문으로 소비자 직접판매 완제품 브랜드가 아님.
222,제외,(주) 엘림텍,,medium,device,,C,C-Q12,sales@elimtek.co.kr,http://www.elimtek.co.kr,"Laser/IPL/RF/Multi, Home Aesthetic Device",피부관리 의료/에스테틱 기기 개발·제조사로 자체 소비자 브랜드 명시 없음.
393,제외,아사달뷰티프로덕트,,high,,,C,C-Q14,Sales@asadalbeauty.com,https://en.asadalbeauty.com/,"Accessories & Toiletries, Others, Contract Manufacturing(OEM/ODM), Brands/Manufacturer (Tools/Accessories), Hair Tools(Brushes, Combs, Scissors, etc.), Others, Nail Tools/Equipment, Others, Accessories",메이크업·네일 브러시 등 뷰티툴 OEM/ODM 제조사(중국공장)로 소비자 자체 브랜드 없음.
342,제외,로가,,high,,,C,C-Q15,,,,식물성 기능성 원료(VC-H1)·이너뷰티 원료 개발 B2B 바이오 원료기업으로 자체 소비자 브랜드 없음.
470,제외,주식회사 명성에이앤티,,high,,,C,C-Q17,donkyu@goodmsi.com,,Contract Manufacturing(OEM/ODM),"OEM/ODM 분류이며 desc는 접는 파우치 등 포장재 솔루션만 설명, 자체 소비자 브랜드 없음."
221,제외,LROAD,,high,,,C,C-Q18,jangjh@lroad.co.kr,http://www.lroad.co.kr,"Contract Manufacturing(Packing,Containers,etc.)",알루미늄 용기·패키징 전문 B2B 공급사로 자체 소비자 브랜드 없음.
6,제외,㈜나산기업,,high,,,C,C-Q19,nasan@nscolor.com,https://nallshopping.cafe24.com/,Brands/Manufacturer (Tools/Accessories),헤어컬러차트·살롱액세서리 OEM/ODM 수탁제조사로 자체 소비자 브랜드 없음.
369,제외,비컨,,low,borderline,Y,C,C-Q20,,,,"category·website·desc 모두 비어 있어 사업 확인 불가, 소비자 브랜드 근거 없어 보수적 제외."
472,제외,주식회사 모티프커뮤니케이션,,low,borderline,Y,C,C-R01,,,,desc·category·website 전부 비어있고 사명상 커뮤니케이션 업체로 추정되어 뷰티 소비자 브랜드 근거 없음.
265,제외,"Trendyproducts Co.,Ltd.",,medium,export,Y,C,C-R08,missmore@naver.com,https://www.trendyproducts.co.kr/,,미용소도구·화장품 OEM/ODM 수출 전문 기업으로 '자체 브랜드 수출 가능'은 역량 언급 수준일 뿐 소비자 대상 자사 브랜드 운영 근거 없음.
296,제외,투엘바이오,,medium,export,,C,C-R09,sales@2lbio.com,https://www.2lbio.com/,"Skin Care, Contract Manufacturing(OEM/ODM), Contract Manufacturing(Packing,Containers,etc.), Brands/Manufacturer(Medical & Beauty Equipment), Thread Lifts and Fillers","리프팅실(LUNA Q)·스킨부스터 등 시술용 의료미용 제조사, 임상용 중심으로 소비자 브랜드 약함."
292,제외,큐브캡 주식회사,,high,,,C,C-R10,jykim@cubecap.co.kr,https://www.cubecap.co.kr,"Skin Care, Contract Manufacturing(OEM/ODM), Contract Manufacturing(Packing,Containers,etc.), Others","식물성 소프트캡슐 화장품 OEM 수탁제조 전문, 자사 소비자 브랜드 없음."
85,제외,(주)한양에스엔디,,high,,,C,C-R14,hysnd@naver.com,http://hanyangsnd.kr/,"Others, Others","펌프 제조 전문 부자재 기업, 소비자 뷰티 브랜드 없음."
327,제외,스킨핏 프로그램,,high,,,C,C-R16,dkhc@dkhc.kr,https://www.skinfitai.com,Skin/Body Diagnosis Equipment,AI 피부분석 진단 솔루션·뷰티테크로 자사 소비자 완제품 브랜드 없음(B2B 진단·추천).
44,제외,(주)아이테크,,medium,borderline|device,Y,C,C-R20,nurieye@daum.net,https://nurieye.com/,,"안과 임상검증 안구건조증 치료 의료기기(누리아이) 제조가 본업, 얼굴마사지기 누리아이2U는 파생품으로 소비자 뷰티 브랜드성 약함."
395,제외,아이스링커 주식회사,,high,device,Y,L,L-A17,icelinker@icelinker.com,http://www.icelinker.com/,,삼성 C-LAB 분사 디지털 냉각기술 기반 의료·웰니스 기기 회사로 뷰티 소비자 브랜드가 아님.
323,제외,네이처파마,,medium,borderline,Y,L,L-B12,rejucell@naver.com,https://www.naturepharma.co.kr,"Skin Care, Body Care, Cosmeceutical Products, Derma Cosmetics","피부과·성형외과·메디컬에스테틱 대상 전문의약품·의료기기·병원전용 화장품 공급사로 REJUCELL도 병원유통·시술전용, 소비자 D2C 아님(검증변경)."
43,제외,(주)아이오쓰리,,low,borderline,Y,L,L-C05,,,,"category·website·desc 모두 비어 있어 사업 확인 불가, 보수적으로 제외."
4,제외,㈜제이디바이오,,high,,,L,L-D02,jdbio@jdbio.com,http://www.jdbio.com,"Skin Care, Facial Masks, Cleansing Products, Thread Lifts and Fillers, Others",HA필러·스킨부스터·톡신 등 메디컬 에스테틱 시술제품 수출사로 소비자 브랜드 아님.
51,제외,(주)에이스피부임상연구소,,high,,,L,L-E01,aceskin@acescri.com,http://www.acescri.com/front/views/main/,,"피부 인체적용시험·해외인증(MoCRA·CPNP) 대행 전문기관으로 B2B 서비스, 소비자 브랜드 없음."
194,제외,(주)비슈얼로직스코리아,,medium,device|borderline,Y,L,L-F01,info@visualogix.co.kr,http://www.visualogix.co.kr,"Skin Care, Derma Cosmetics, Inner Beauty, Others",PLAWAVE(소프트플라즈마·UDM 시술 시스템)와 전문가용 EXOLUTIQ 앰플 중심의 전문가용 미용기기 기업으로 소비자 자체 브랜드로 보기 어려움.
445,제외,주식회사 나노실리칸첨단소재,,high,,,L,L-G01,info@nanobrick.co.kr,https://kr.linkedin.com/company/nanosilikhan,Others,"자석인증 등 차별화 솔루션을 타사 제품·브랜드에 적용하는 소재·기술 B2B, 소비자 브랜드 없음."
254,안전제외,주식회사 질경이,,high,sensitive,Y,A,A-K22,grace@hudc.co.kr,https://pitch-jilgyungyi.framer.website,Inner Beauty,여성 인티메이트 웰니스(질 건강) 자사 브랜드로 민감군에 해당하여 안전제외.
108,안전제외,"FEMININE CO., LTD.",,low,sensitive|borderline,Y,A,A-N32,,,,desc·website 모두 공란이고 사명이 여성위생 연상 민감군이라 근거 부족으로 안전제외 유지.
419,안전제외,프릴리,,high,sensitive,Y,A,A-P18,jhyu@oldam.kr,https://freelycup.co.kr/,"Contract Manufacturing(OEM/ODM), Others",프릴리컵·청결티슈 등 여성 위생 케어 브랜드로 민감군에 해당해 안전제외.
206,안전제외,주식회사 아톨로,,high,sensitive,Y,C,C-I16,attollo.oes@gmail.com,,"Skin Care, Body Care",주력 브랜드 에스트리진이 여성 가장 민감 부위 페미닌 케어 제품으로 민감군에 해당해 안전제외.
7,안전제외,(주)네오메디칼제약,,medium,sensitive,Y,L,L-A01,,,,기능성치약·의약외품 OEM/ODM 전문이며 네오케어 브랜드 보유하나 의약외품 민감군.
